date,precipitation,precipitation_quality,precipitation_quality_no,temperature,temperature_quality,temperature_quality_no
2015/9/10,1.5,8,1,22.6,8,1
2015/9/11,0.0,8,1,22.9,8,1
2015/9/12,0.5,8,1,22.8,8,1
2015/9/13,0.0,8,1,22.4,8,1
2015/9/14,0.0,8,1,21.2,8,1
2015/9/15,0.0,8,1,22.2,8,1
2015/9/16,14.5,8,1,21.1,8,1
2015/9/17,0.5,8,1,23.2,8,1
2015/9/18,0.5,8,1,23.5,8,1
2015/9/19,0.0,8,1,21.9,8,1
2015/9/20,0.0,8,1,22.1,8,1
2015/9/21,0.0,8,1,23.0,8,1
2015/9/22,0.0,8,1,23.2,8,1
2015/9/23,15.5,8,1,23.8,8,1
2015/9/24,17.5,8,1,23.9,8,1
2015/9/25,0.0,8,1,24.5,8,1
2015/9/26,0.0,8,1,24.9,8,1
2015/9/27,0.0,8,1,25.2,8,1
2015/9/28,0.0,8,1,25.1,8,1
2015/9/29,0.0,8,1,25.0,8,1
2015/9/30,4.0,8,1,20.7,8,1
2015/10/1,83.5,8,1,22.5,8,1
2015/10/2,0.0,8,1,20.4,8,1
2015/10/3,0.0,8,1,18.9,8,1
2015/10/4,0.0,8,1,20.4,8,1
2015/10/5,0.0,8,1,19.3,8,1
2015/10/6,0.0,8,1,18.7,8,1
2015/10/7,0.0,8,1,19.1,8,1
2015/10/8,0.0,8,1,18.1,8,1
2015/10/9,0.0,8,1,18.0,8,1
2015/10/10,0.0,8,1,16.9,8,1
2015/10/11,5.0,8,1,17.5,8,1
2015/10/12,0.0,8,1,16.4,8,1
2015/10/13,0.0,8,1,16.7,8,1
2015/10/14,0.0,8,1,17.4,8,1
2015/10/15,0.0,8,1,18.8,8,1
2015/10/16,0.0,8,1,19.4,8,1
2015/10/17,0.0,8,1,19.6,8,1
2015/10/18,0.0,8,1,19.6,8,1
2015/10/19,0.0,8,1,20.1,8,1
2015/10/20,0.0,8,1,20.4,8,1
2015/10/21,0.0,8,1,21.0,8,1
2015/10/22,0.0,8,1,20.3,8,1
2015/10/23,0.0,8,1,20.2,8,1
2015/10/24,0.0,8,1,19.9,8,1
2015/10/25,0.0,8,1,18.5,8,1
2015/10/26,0.0,8,1,17.8,8,1
2015/10/27,14.0,8,1,17.5,8,1
2015/10/28,0.0,8,1,14.9,8,1
2015/10/29,0.0,8,1,15.2,8,1
2015/10/30,0.0,8,1,15.3,8,1
2015/10/31,0.0,8,1,13.7,8,1
2015/11/1,5.0,8,1,12.8,8,1
2015/11/2,1.5,8,1,14.0,8,1
2015/11/3,0.0,8,1,14.2,8,1
2015/11/4,0.0,8,1,15.4,8,1
2015/11/5,0.0,8,1,18.3,8,1
2015/11/6,0.0,8,1,19.8,8,1
2015/11/7,3.0,8,1,20.2,8,1
2015/11/8,9.5,8,1,21.4,8,1
2015/11/9,2.5,8,1,18.3,8,1
2015/11/10,0.5,8,1,16.6,8,1
2015/11/11,0.0,8,1,16.1,8,1
2015/11/12,0.0,8,1,16.8,8,1
2015/11/13,11.0,8,1,16.3,8,1
2015/11/14,6.0,8,1,18.9,8,1
2015/11/15,5.0,8,1,17.9,8,1
2015/11/16,0.0,8,1,17.6,8,1
2015/11/17,39.0,8,1,18.3,8,1
2015/11/18,39.0,8,1,18.0,8,1
2015/11/19,0.0,8,1,17.3,8,1
2015/11/20,0.0,8,1,17.1,8,1
2015/11/21,0.0,8,1,17.5,8,1
2015/11/22,0.0,8,1,17.5,8,1
2015/11/23,7.5,8,1,17.7,8,1
2015/11/24,0.0,8,1,15.6,8,1
2015/11/25,0.0,8,1,13.1,8,1
2015/11/26,0.0,8,1,9.3,8,1
2015/11/27,0.5,8,1,7.6,8,1
2015/11/28,0.0,8,1,9.6,8,1
2015/11/29,0.0,8,1,9.3,8,1
2015/11/30,0.0,8,1,11.2,8,1
2015/12/1,0.0,8,1,11.5,8,1
2015/12/2,21.5,8,1,10.9,8,1
2015/12/3,2.0,8,1,9.8,8,1
2015/12/4,0.0,8,1,8.7,8,1
2015/12/5,0.0,8,1,9.6,8,1
2015/12/6,0.0,8,1,10.3,8,1
2015/12/7,0.0,8,1,11.3,8,1
2015/12/8,0.0,8,1,10.4,8,1
2015/12/9,0.0,8,1,11.8,8,1
2015/12/10,25.5,8,1,13.9,8,1
2015/12/11,10.5,8,1,13.4,8,1
2015/12/12,0.0,8,1,11.1,8,1
2015/12/13,0.0,8,1,9.5,8,1
2015/12/14,0.0,8,1,12.7,8,1
2015/12/15,2.0,8,1,12.4,8,1
2015/12/16,0.0,8,1,8.6,8,1
2015/12/17,1.5,8,1,4.5,8,1
2015/12/18,0.0,8,1,4.5,8,1
2015/12/19,0.0,8,1,7.0,8,1
2015/12/20,3.5,8,1,7.4,8,1
2015/12/21,4.5,8,1,10.8,8,1
2015/12/22,0.0,8,1,11.0,8,1
2015/12/23,21.0,8,1,11.2,8,1
2015/12/24,0.0,8,1,12.3,8,1
2015/12/25,0.5,8,1,9.4,8,1
2015/12/26,0.0,8,1,5.3,8,1
2015/12/27,0.0,8,1,7.9,8,1
2015/12/28,0.0,8,1,6.0,8,1
2015/12/29,0.0,8,1,4.9,8,1
2015/12/30,0.0,8,1,5.0,8,1
2015/12/31,0.5,8,1,5.0,8,1
2016/1/1,0.0,8,1,5.9,8,1
2016/1/2,0.0,8,1,9.7,8,1
2016/1/3,0.0,8,1,11.8,8,1
2016/1/4,0.0,8,1,9.2,8,1
2016/1/5,2.5,8,1,9.3,8,1
2016/1/6,0.0,8,1,9.2,8,1
2016/1/7,0.0,8,1,8.2,8,1
2016/1/8,0.0,8,1,6.9,8,1
2016/1/9,0.0,8,1,5.6,8,1
2016/1/10,0.0,8,1,6.3,8,1
2016/1/11,0.0,8,1,7.6,8,1
2016/1/12,0.0,8,1,6.4,8,1
2016/1/13,0.0,8,1,4.7,8,1
2016/1/14,0.0,8,1,5.9,8,1
2016/1/15,0.0,8,1,4.7,8,1
2016/1/16,0.0,8,1,5.9,8,1
2016/1/17,21.0,8,1,6.4,8,1
2016/1/18,6.0,8,1,6.5,8,1
2016/1/19,0.5,8,1,1.5,8,1
2016/1/20,0.0,8,1,2.5,8,1
2016/1/21,0.0,8,1,1.7,8,1
2016/1/22,0.0,8,1,4.5,8,1
2016/1/23,0.5,8,1,3.4,8,1
2016/1/24,8.5,8,1,-3.6,8,1
2016/1/25,1.5,8,1,-1.5,8,1
2016/1/26,0.0,8,1,2.3,8,1
2016/1/27,0.0,8,1,4.9,8,1
2016/1/28,3.5,8,1,6.8,8,1
2016/1/29,40.5,8,1,11.7,8,1
2016/1/30,0.5,8,1,11.0,8,1
2016/1/31,0.0,8,1,8.5,8,1
2016/2/1,0.5,8,1,6.1,8,1
2016/2/2,0.0,8,1,5.1,8,1
2016/2/3,0.0,8,1,6.4,8,1
2016/2/4,0.0,8,1,5.2,8,1
2016/2/5,0.0,8,1,5.1,8,1
2016/2/6,0.0,8,1,4.4,8,1
2016/2/7,0.0,8,1,4.0,8,1
2016/2/8,0.0,8,1,5.0,8,1
2016/2/9,0.0,8,1,7.8,8,1
2016/2/10,0.0,8,1,6.8,8,1
2016/2/11,0.0,8,1,9.3,8,1
2016/2/12,1.0,8,1,12.8,8,1
2016/2/13,32.5,8,1,15.2,8,1
2016/2/14,0.0,8,1,10.6,8,1
2016/2/15,0.0,8,1,3.6,8,1
2016/2/16,1.5,8,1,3.9,8,1
2016/2/17,0.0,8,1,4.8,8,1
2016/2/18,0.0,8,1,5.2,8,1
2016/2/19,0.0,8,1,8.7,8,1
2016/2/20,26.5,8,1,8.8,8,1
2016/2/21,3.0,8,1,6.4,8,1
2016/2/22,2.5,8,1,6.5,8,1
2016/2/23,3.5,8,1,8.4,8,1
2016/2/24,0.0,8,1,7.2,8,1
2016/2/25,0.0,8,1,4.1,8,1
2016/2/26,0.0,8,1,4.7,8,1
2016/2/27,0.5,8,1,7.5,8,1
2016/2/28,0.0,8,1,10.7,8,1
2016/2/29,0.0,8,1,5.7,8,1
2016/3/1,0.0,8,1,3.1,8,1
2016/3/2,0.0,8,1,6.3,8,1
2016/3/3,0.0,8,1,9.8,8,1
2016/3/4,0.5,8,1,14.3,8,1
2016/3/5,0.0,8,1,15.7,8,1
2016/3/6,0.0,8,1,17.2,8,1
2016/3/7,0.0,8,1,17.0,8,1
2016/3/8,0.0,8,1,14.9,8,1
2016/3/9,32.5,8,1,10.2,8,1
2016/3/10,0.5,8,1,9.6,8,1
2016/3/11,0.0,8,1,6.9,8,1
2016/3/12,0.0,8,1,5.9,8,1
2016/3/13,8.0,8,1,6.9,8,1
2016/3/14,3.0,8,1,9.0,8,1
2016/3/15,0.0,8,1,9.7,8,1
2016/3/16,0.0,8,1,11.5,8,1
2016/3/17,0.0,8,1,13.8,8,1
2016/3/18,13.0,8,1,14.2,8,1
2016/3/19,0.5,8,1,14.5,8,1
2016/3/20,0.0,8,1,11.8,8,1
2016/3/21,0.0,8,1,10.7,8,1
2016/3/22,0.0,8,1,11.1,8,1
2016/3/23,0.0,8,1,12.1,8,1
2016/3/24,0.0,8,1,10.4,8,1
2016/3/25,0.0,8,1,9.0,8,1
2016/3/26,0.0,8,1,9.6,8,1
2016/3/27,0.0,8,1,9.0,8,1
2016/3/28,0.0,8,1,9.9,8,1
2016/3/29,0.0,5,1,11.9,8,1
2016/3/30,0.0,8,1,14.9,8,1
2016/3/31,10.5,8,1,14.2,8,1
2016/4/1,2.5,8,1,15.2,8,1
2016/4/2,0.0,8,1,18.5,8,1
2016/4/3,7.0,8,1,17.9,8,1
2016/4/4,17.5,8,1,16.1,8,1
2016/4/5,0.0,8,1,15.4,8,1
2016/4/6,6.5,8,1,16.2,8,1
2016/4/7,34.0,8,1,18.4,8,1
2016/4/8,0.0,8,1,16.9,8,1
2016/4/9,0.0,8,1,17.7,8,1
2016/4/10,0.0,8,1,17.5,8,1
2016/4/11,0.0,8,1,14.6,8,1
2016/4/12,0.0,8,1,15.8,8,1
2016/4/13,18.5,8,1,16.4,8,1
2016/4/14,0.0,8,1,19.4,8,1
2016/4/15,0.0,8,1,18.4,8,1
2016/4/16,12.0,8,1,17.8,8,1
2016/4/17,13.5,8,1,16.7,8,1
2016/4/18,0.0,8,1,13.5,8,1
2016/4/19,0.0,8,1,14.9,8,1
2016/4/20,0.0,8,1,16.9,8,1
2016/4/21,92.5,8,1,17.2,8,1
2016/4/22,0.0,8,1,19.2,8,1
2016/4/23,2.5,8,1,16.1,8,1
2016/4/24,0.0,8,1,17.0,8,1
2016/4/25,0.0,8,1,18.0,8,1
2016/4/26,0.0,8,1,21.6,8,1
2016/4/27,24.5,8,1,19.0,8,1
2016/4/28,1.0,8,1,16.0,8,1
2016/4/29,0.0,8,1,15.6,8,1
2016/4/30,0.0,8,1,16.8,8,1
2016/5/1,0.0,8,1,19.6,8,1
2016/5/2,0.0,8,1,20.6,8,1
2016/5/3,42.0,8,1,17.3,8,1
2016/5/4,0.0,8,1,19.0,8,1
2016/5/5,0.0,8,1,20.1,8,1
2016/5/6,11.5,8,1,17.5,8,1
2016/5/7,0.0,8,1,21.4,8,1
2016/5/8,9.5,8,1,20.1,8,1
2016/5/9,23.5,8,1,19.5,8,1
2016/5/10,31.5,8,1,20.1,8,1
2016/5/11,1.0,8,1,16.6,8,1
2016/5/12,0.0,8,1,19.2,8,1
2016/5/13,0.0,8,1,21.5,8,1
2016/5/14,0.0,8,1,22.9,8,1
2016/5/15,7.0,8,1,23.8,8,1
2016/5/16,61.0,8,1,17.1,8,1
2016/5/17,0.0,8,1,17.9,8,1
2016/5/18,0.0,8,1,21.3,8,1
2016/5/19,0.0,8,1,22.4,8,1
2016/5/20,0.0,8,1,24.6,8,1
2016/5/21,0.0,8,1,23.6,8,1
2016/5/22,0.0,8,1,24.1,8,1
2016/5/23,0.0,8,1,24.7,8,1
2016/5/24,18.5,8,1,23.7,8,1
2016/5/25,7.0,8,1,23.2,8,1
2016/5/26,0.5,8,1,25.0,8,1
2016/5/27,0.0,8,1,24.6,8,1
2016/5/28,8.5,8,1,20.2,8,1
2016/5/29,26.0,8,1,20.8,8,1
2016/5/30,0.0,8,1,23.6,8,1
2016/5/31,0.0,8,1,24.0,8,1
2016/6/1,0.0,8,1,22.2,8,1
2016/6/2,0.0,8,1,21.1,8,1
2016/6/3,0.0,8,1,22.7,8,1
2016/6/4,23.0,8,1,19.4,8,1
2016/6/5,4.0,8,1,19.6,8,1
2016/6/6,0.0,8,1,23.5,8,1
2016/6/7,0.0,8,1,24.7,8,1
2016/6/8,0.0,8,1,24.9,8,1
2016/6/9,2.5,8,1,24.4,8,1
2016/6/10,0.0,8,1,26.7,8,1
2016/6/11,0.0,8,1,27.5,8,1
2016/6/12,18.0,8,1,23.6,8,1
2016/6/13,0.0,8,1,24.3,8,1
2016/6/14,0.0,8,1,26.0,8,1
2016/6/15,0.0,8,1,26.7,8,1
2016/6/16,21.5,8,1,23.5,8,1
2016/6/17,0.5,8,1,23.9,8,1
2016/6/18,0.0,8,1,24.8,8,1
2016/6/19,73.5,8,1,25.1,8,1
2016/6/20,100.5,8,1,24.9,8,1
2016/6/21,0.0,8,1,26.1,8,1
2016/6/22,190.5,8,1,24.2,8,1
2016/6/23,25.5,8,1,24.7,8,1
2016/6/24,21.0,8,1,25.5,8,1
2016/6/25,7.5,8,1,21.5,8,1
2016/6/26,0.0,8,1,23.3,8,1
2016/6/27,31.0,8,1,20.2,8,1
2016/6/28,31.5,8,1,20.9,8,1
2016/6/29,26.5,8,1,23.4,8,1
2016/6/30,3.5,8,1,24.4,8,1
2016/7/1,0.0,8,1,27.4,8,1
2016/7/2,0.5,8,1,28.3,8,1
2016/7/3,17.5,8,1,28.5,8,1
2016/7/4,1.0,8,1,29.5,8,1
2016/7/5,0.0,8,1,30.1,8,1
2016/7/6,0.0,8,1,30.4,8,1
2016/7/7,0.0,8,1,29.2,8,1
2016/7/8,79.5,8,1,24.1,8,1
2016/7/9,1.0,8,1,27.9,8,1
2016/7/10,5.0,8,1,27.7,8,1
2016/7/11,39.5,8,1,26.3,8,1
2016/7/12,14.5,8,1,27.8,8,1
2016/7/13,43.0,8,1,26.1,8,1
2016/7/14,0.0,8,1,28.1,8,1
2016/7/15,0.0,8,1,26.5,8,1
2016/7/16,11.5,8,1,26.4,8,1
2016/7/17,0.5,8,1,27.9,8,1
2016/7/18,0.0,8,1,27.9,8,1
2016/7/19,0.0,8,1,29.2,8,1
2016/7/20,0.5,8,1,28.0,8,1
2016/7/21,0.0,8,1,28.2,8,1
2016/7/22,0.0,8,1,27.4,8,1
2016/7/23,0.0,8,1,29.1,8,1
2016/7/24,0.0,8,1,30.2,8,1
2016/7/25,0.0,8,1,29.2,8,1
2016/7/26,0.0,8,1,29.1,8,1
2016/7/27,0.0,8,1,30.0,8,1
2016/7/28,0.0,8,1,30.4,8,1
2016/7/29,0.0,8,1,30.3,8,1
2016/7/30,0.0,8,1,30.7,8,1
2016/7/31,0.0,8,1,30.7,8,1
2016/8/1,0.0,8,1,30.7,8,1
2016/8/2,0.0,8,1,30.3,8,1
2016/8/3,0.0,8,1,29.9,8,1
2016/8/4,12.5,8,1,29.1,8,1
2016/8/5,18.5,8,1,28.5,8,1
2016/8/6,0.5,8,1,28.2,8,1
2016/8/7,0.0,8,1,29.4,8,1
2016/8/8,0.0,8,1,30.5,8,1
2016/8/9,0.0,8,1,30.9,8,1
2016/8/10,0.0,8,1,31.5,8,1
2016/8/11,0.0,8,1,31.7,8,1
2016/8/12,0.0,8,1,31.6,8,1
2016/8/13,0.0,8,1,31.9,8,1
2016/8/14,0.0,8,1,31.6,8,1
2016/8/15,0.0,8,1,30.1,8,1
2016/8/16,12.5,8,1,28.6,8,1
2016/8/17,0.0,8,1,29.9,8,1
2016/8/18,0.0,8,1,31.2,8,1
2016/8/19,6.0,8,1,30.7,8,1
2016/8/20,0.0,8,1,30.3,8,1
2016/8/21,0.0,8,1,30.5,8,1
2016/8/22,0.0,8,1,30.6,8,1
2016/8/23,0.0,8,1,30.3,8,1
2016/8/24,0.0,8,1,30.2,8,1
2016/8/25,0.0,8,1,31.2,8,1
2016/8/26,0.0,8,1,29.3,8,1
2016/8/27,0.0,8,1,28.2,8,1
2016/8/28,47.5,8,1,25.2,8,1
2016/8/29,4.5,8,1,22.4,8,1
2016/8/30,0.0,8,1,23.9,8,1
2016/8/31,0.0,8,1,25.5,8,1
2016/9/1,0.0,8,1,25.7,8,1
2016/9/2,0.0,8,1,25.3,8,1
2016/9/3,0.0,8,1,26.9,8,1
2016/9/4,5.5,8,1,26.0,8,1
2016/9/5,8.5,8,1,26.9,8,1
2016/9/6,0.0,8,1,28.2,8,1
2016/9/7,33.0,8,1,27.4,8,1
2016/9/8,0.5,8,1,25.3,8,1
2016/9/9,0.0,8,1,25.4,5,1
2016/9/10,0.0,8,1,26.4,8,1
2016/9/11,0.0,8,1,27.2,8,1
2016/9/12,71.0,8,1,22.4,8,1
2016/9/13,2.0,8,1,25.1,8,1
2016/9/14,0.0,8,1,25.0,8,1
2016/9/15,0.0,8,1,26.3,8,1
2016/9/16,0.0,8,1,27.2,8,1
2016/9/17,5.0,8,1,27.2,8,1
2016/9/18,60.5,8,1,24.9,8,1
2016/9/19,18.5,8,1,23.6,8,1
2016/9/20,4.5,8,1,21.8,8,1
2016/9/21,0.0,8,1,22.7,8,1
2016/9/22,0.5,8,1,23.0,8,1
2016/9/23,0.0,8,1,24.6,8,1
2016/9/24,0.0,8,1,25.6,8,1
2016/9/25,0.0,8,1,25.7,8,1
2016/9/26,0.0,8,1,28.1,8,1
2016/9/27,65.5,8,1,27.5,8,1
2016/9/28,122.0,8,1,24.9,8,1
2016/9/29,45.5,8,1,23.4,8,1
2016/9/30,14.0,8,1,24.0,8,1
2016/10/1,12.0,8,1,25.7,8,1
2016/10/2,0.0,8,1,27.1,8,1
2016/10/3,0.0,8,1,27.1,8,1
2016/10/4,0.0,8,1,27.1,8,1
2016/10/5,15.5,8,1,25.7,8,1
2016/10/6,0.0,8,1,24.6,8,1
2016/10/7,0.0,8,1,24.5,8,1
2016/10/8,46.5,8,1,24.2,8,1
2016/10/9,1.0,8,1,20.6,8,1
2016/10/10,0.0,8,1,19.6,8,1
2016/10/11,0.0,8,1,19.8,8,1
2016/10/12,0.0,8,1,20.1,8,1
2016/10/13,0.0,8,1,18.9,8,1
2016/10/14,0.0,8,1,19.5,8,1
2016/10/15,0.0,8,1,19.7,8,1
2016/10/16,9.5,8,1,20.7,8,1
2016/10/17,8.0,8,1,23.1,8,1
2016/10/18,0.0,8,1,23.6,8,1
2016/10/19,0.0,8,1,22.2,8,1
2016/10/20,0.0,8,1,21.3,8,1
2016/10/21,2.0,8,1,19.6,8,1
2016/10/22,22.5,8,1,19.0,8,1
2016/10/23,0.5,8,1,19.2,8,1
2016/10/24,0.0,8,1,18.6,8,1
2016/10/25,2.5,8,1,19.3,8,1
2016/10/26,1.5,8,1,20.6,8,1
2016/10/27,0.0,8,1,20.1,8,1
2016/10/28,31.5,8,1,19.0,8,1
2016/10/29,0.0,8,1,18.5,8,1
2016/10/30,0.0,8,1,16.6,8,1
2016/10/31,6.0,8,1,14.6,8,1
2016/11/1,0.0,8,1,13.4,8,1
2016/11/2,0.0,8,1,11.8,8,1
2016/11/3,0.0,8,1,11.6,8,1
2016/11/4,0.0,8,1,12.5,8,1
2016/11/5,0.0,8,1,14.1,8,1
2016/11/6,0.0,8,1,16.8,8,1
2016/11/7,0.0,8,1,14.4,8,1
2016/11/8,6.0,8,1,13.4,8,1
2016/11/9,0.0,8,1,13.4,8,1
2016/11/10,21.5,8,1,11.2,8,1
2016/11/11,0.0,8,1,14.0,8,1
2016/11/12,0.0,8,1,13.5,8,1
2016/11/13,0.5,8,1,16.3,8,1
2016/11/14,23.0,8,1,17.0,8,1
2016/11/15,0.0,8,1,17.7,8,1
2016/11/16,0.0,8,1,14.2,8,1
2016/11/17,0.0,8,1,13.8,8,1
2016/11/18,23.0,8,1,14.3,8,1
2016/11/19,37.5,8,1,19.1,8,1
2016/11/20,0.0,8,1,18.5,8,1
2016/11/21,0.0,8,1,17.2,8,1
2016/11/22,0.0,8,1,17.2,8,1
2016/11/23,1.5,8,1,13.7,8,1
2016/11/24,3.0,8,1,9.5,8,1
2016/11/25,0.0,8,1,8.2,8,1
2016/11/26,3.0,8,1,9.8,8,1
2016/11/27,28.5,8,1,12.3,8,1
2016/11/28,0.0,8,1,10.1,8,1
2016/11/29,0.0,8,1,9.2,8,1
2016/11/30,0.5,8,1,10.9,8,1
2016/12/1,0.5,8,1,12.5,8,1
2016/12/2,0.0,8,1,10.2,8,1
2016/12/3,0.0,8,1,9.1,8,1
2016/12/4,6.5,8,1,9.9,8,1
2016/12/5,0.5,8,1,11.4,8,1
2016/12/6,0.0,8,1,10.2,8,1
2016/12/7,0.0,8,1,7.0,8,1
2016/12/8,0.0,8,1,8.9,8,1
2016/12/9,0.0,8,1,10.4,8,1
2016/12/10,0.0,8,1,8.1,8,1
2016/12/11,0.0,8,1,8.1,8,1
2016/12/12,5.0,8,1,9.2,8,1
2016/12/13,9.5,8,1,12.2,8,1
2016/12/14,3.5,8,1,10.5,8,1
2016/12/15,1.0,8,1,7.1,8,1
2016/12/16,0.0,8,1,4.8,8,1
2016/12/17,0.0,8,1,5.6,8,1
2016/12/18,0.0,8,1,6.3,8,1
2016/12/19,0.0,8,1,10.1,8,1
2016/12/20,4.0,8,1,12.6,8,1
2016/12/21,0.0,8,1,14.5,8,1
2016/12/22,17.5,8,1,14.5,8,1
2016/12/23,0.0,8,1,9.1,8,1
2016/12/24,0.0,8,1,7.7,8,1
2016/12/25,0.0,8,1,10.4,8,1
2016/12/26,28.0,8,1,12.3,8,1
2016/12/27,8.5,8,1,10.3,8,1
2016/12/28,2.5,8,1,6.4,8,1
2016/12/29,0.0,8,1,5.1,8,1
2016/12/30,0.0,8,1,4.7,8,1
2016/12/31,0.0,8,1,5.6,8,1
2017/1/1,0.0,8,1,6.6,8,1
2017/1/2,0.0,8,1,7.3,8,1
2017/1/3,0.0,8,1,7.8,8,1
2017/1/4,0.0,8,1,7.9,8,1
2017/1/5,0.0,8,1,8.8,8,1
2017/1/6,0.0,8,1,8.5,8,1
2017/1/7,4.5,8,1,7.6,8,1
2017/1/8,20.5,8,1,11.2,8,1
2017/1/9,1.0,8,1,9.5,8,1
2017/1/10,0.0,8,1,6.3,8,1
2017/1/11,0.0,8,1,4.6,8,1
2017/1/12,0.0,8,1,4.9,8,1
2017/1/13,0.0,8,1,6.2,8,1
2017/1/14,0.0,8,1,4.5,8,1
2017/1/15,0.5,8,1,1.4,8,1
2017/1/16,0.5,8,1,2.4,8,1
2017/1/17,0.5,8,1,4.9,8,1
2017/1/18,0.0,8,1,7.1,8,1
2017/1/19,0.0,8,1,8.4,8,1
2017/1/20,1.0,8,1,5.7,8,1
2017/1/21,0.5,8,1,5.1,8,1
2017/1/22,0.0,8,1,4.7,8,1
2017/1/23,0.5,8,1,2.0,8,1
2017/1/24,0.0,8,1,1.6,8,1
2017/1/25,0.0,8,1,2.0,8,1
2017/1/26,0.0,8,1,4.1,8,1
2017/1/27,0.5,8,1,6.8,8,1
2017/1/28,0.0,8,1,6.7,8,1
2017/1/29,9.0,8,1,9.5,8,1
2017/1/30,0.5,8,1,10.0,8,1
2017/1/31,0.0,8,1,7.0,8,1
2017/2/1,0.0,8,1,6.7,8,1
2017/2/2,0.0,8,1,4.8,8,1
2017/2/3,0.0,8,1,6.3,8,1
2017/2/4,0.0,8,1,9.1,8,1
2017/2/5,24.0,8,1,9.7,8,1
2017/2/6,0.5,8,1,7.5,8,1
2017/2/7,0.0,8,1,6.6,8,1
2017/2/8,4.5,8,1,6.4,8,1
2017/2/9,3.5,8,1,4.6,8,1
2017/2/10,3.5,8,1,1.2,8,1
2017/2/11,1.0,8,1,2.4,8,1
2017/2/12,3.5,8,1,3.5,8,1
2017/2/13,0.0,8,1,4.1,8,1
2017/2/14,0.0,8,1,4.9,8,1
2017/2/15,0.0,8,1,5.8,8,1
2017/2/16,0.0,8,1,8.7,8,1
2017/2/17,10.0,8,1,13.6,8,1
2017/2/18,0.0,8,1,7.4,8,1
2017/2/19,0.0,8,1,6.2,8,1
2017/2/20,22.0,8,1,11.5,8,1
2017/2/21,0.0,8,1,7.8,8,1
2017/2/22,24.5,8,1,7.8,8,1
2017/2/23,1.5,8,1,9.7,8,1
2017/2/24,0.0,8,1,6.5,8,1
2017/2/25,0.0,8,1,5.4,8,1
2017/2/26,0.0,8,1,7.1,8,1
2017/2/27,0.0,8,1,7.9,8,1
2017/2/28,0.0,8,1,8.5,8,1
2017/3/1,0.0,8,1,8.0,8,1
2017/3/2,0.0,8,1,8.7,8,1
2017/3/3,0.0,8,1,8.9,8,1
2017/3/4,0.0,8,1,10.2,8,1
2017/3/5,0.0,8,1,9.3,8,1
2017/3/6,0.0,8,1,9.1,8,1
2017/3/7,0.0,8,1,6.8,8,1
2017/3/8,0.0,8,1,5.4,8,1
2017/3/9,0.0,8,1,7.5,8,1
2017/3/10,0.0,8,1,9.1,8,1
2017/3/11,0.0,8,1,9.4,8,1
2017/3/12,0.0,8,1,10.8,8,1
2017/3/13,2.0,8,1,10.0,8,1
2017/3/14,0.0,8,1,10.9,8,1
2017/3/15,2.5,8,1,8.2,8,1
2017/3/16,0.0,8,1,9.0,8,1
2017/3/17,0.0,8,1,9.3,8,1
2017/3/18,0.0,8,1,9.5,8,1
2017/3/19,0.0,8,1,12.6,8,1
2017/3/20,20.0,8,1,11.0,8,1
2017/3/21,7.5,8,1,11.0,8,1
2017/3/22,0.0,8,1,10.5,8,1
2017/3/23,0.0,8,1,9.6,8,1
2017/3/24,0.0,8,1,9.6,8,1
2017/3/25,0.0,8,1,10.2,8,1
2017/3/26,0.5,8,1,10.2,8,1
2017/3/27,1.0,8,1,9.0,8,1
2017/3/28,0.5,8,1,10.3,8,1
2017/3/29,0.0,8,1,10.9,8,1
2017/3/30,0.0,8,1,15.3,8,1
2017/3/31,13.0,8,1,10.1,8,1
2017/4/1,0.0,8,1,11.0,8,1
2017/4/2,2.0,8,1,10.0,8,1
2017/4/3,0.0,8,1,11.1,8,1
2017/4/4,0.0,8,1,14.0,8,1
2017/4/5,0.0,8,1,16.2,8,1
2017/4/6,14.0,8,1,16.3,8,1
2017/4/7,32.5,8,1,18.6,8,1
2017/4/8,10.0,8,1,18.8,8,1
2017/4/9,0.5,8,1,17.1,8,1
2017/4/10,17.5,8,1,13.5,8,1
2017/4/11,18.5,8,1,13.6,8,1
2017/4/12,0.0,8,1,13.6,8,1
2017/4/13,0.0,8,1,14.2,8,1
2017/4/14,0.0,8,1,15.8,8,1
2017/4/15,0.0,8,1,19.7,8,1
2017/4/16,0.0,8,1,22.2,8,1
2017/4/17,97.5,8,1,19.6,8,1
2017/4/18,0.0,8,1,18.3,8,1
2017/4/19,0.0,8,1,16.8,8,1
2017/4/20,0.0,8,1,14.5,8,1
2017/4/21,0.0,8,1,17.2,8,1
2017/4/22,0.0,8,1,16.9,8,1
2017/4/23,0.0,8,1,15.9,8,1
2017/4/24,0.0,8,1,17.8,8,1
2017/4/25,0.0,8,1,19.8,8,1
2017/4/26,10.5,8,1,16.4,8,1
2017/4/27,0.0,8,1,16.2,8,1
2017/4/28,0.0,8,1,15.6,8,1
2017/4/29,0.0,8,1,18.8,8,1
2017/4/30,0.0,8,1,19.5,8,1
2017/5/1,0.0,8,1,19.1,8,1
2017/5/2,0.0,8,1,20.7,8,1
2017/5/3,11.0,8,1,19.7,8,1
2017/5/4,0.0,8,1,22.4,8,1
2017/5/5,1.5,8,1,23.4,8,1
2017/5/6,1.0,8,1,20.7,8,1
2017/5/7,0.0,8,1,19.4,8,1
2017/5/8,0.0,8,1,19.9,8,1
2017/5/9,28.0,8,1,16.4,8,1
2017/5/10,1.5,8,1,17.0,8,1
2017/5/11,0.0,8,1,20.1,8,1
2017/5/12,58.0,8,1,18.7,8,1
2017/5/13,5.5,8,1,20.9,8,1
2017/5/14,0.0,8,1,20.8,8,1
2017/5/15,0.0,8,1,18.4,8,1
2017/5/16,0.0,8,1,17.3,8,1
2017/5/17,0.0,8,1,19.6,8,1
2017/5/18,0.0,8,1,20.8,8,1
2017/5/19,0.0,8,1,21.8,8,1
2017/5/20,0.0,8,1,22.5,8,1
2017/5/21,0.0,8,1,22.7,8,1
2017/5/22,0.0,8,1,23.2,8,1
2017/5/23,0.0,8,1,23.2,8,1
2017/5/24,3.5,8,1,20.3,8,1
2017/5/25,0.0,8,1,23.0,8,1
2017/5/26,0.0,8,1,20.1,8,1
2017/5/27,0.0,8,1,20.0,8,1
2017/5/28,0.0,8,1,22.1,8,1
2017/5/29,0.0,8,1,24.4,8,1
2017/5/30,0.0,8,1,25.1,8,1
2017/5/31,0.0,8,1,23.8,8,1
2017/6/1,0.0,8,1,23.5,8,1
2017/6/2,0.0,8,1,23.1,8,1
2017/6/3,0.0,8,1,22.6,8,1
2017/6/4,0.0,8,1,23.4,8,1
2017/6/5,0.0,8,1,23.1,8,1
2017/6/6,1.0,8,1,22.1,8,1
2017/6/7,16.0,8,1,19.7,8,1
2017/6/8,0.0,8,1,21.4,8,1
2017/6/9,0.0,8,1,22.0,8,1
2017/6/10,0.0,8,1,22.4,8,1
2017/6/11,5.0,8,1,22.4,8,1
2017/6/12,0.0,8,1,21.5,8,1
2017/6/13,0.0,8,1,21.5,8,1
2017/6/14,0.0,8,1,23.4,8,1
2017/6/15,0.0,8,1,23.7,8,1
2017/6/16,0.0,8,1,24.3,8,1
2017/6/17,0.0,8,1,25.3,8,1
2017/6/18,0.0,8,1,25.8,8,1
2017/6/19,0.0,8,1,25.5,8,1
2017/6/20,12.5,8,1,23.2,8,1
2017/6/21,3.5,8,1,23.0,8,1
2017/6/22,0.0,8,1,24.3,8,1
2017/6/23,0.0,8,1,26.1,8,1
2017/6/24,50.5,8,1,23.7,8,1
2017/6/25,15.5,8,1,23.9,8,1
2017/6/26,0.0,8,1,24.8,8,1
2017/6/27,4.5,8,1,24.6,8,1
2017/6/28,16.5,8,1,25.2,8,1
2017/6/29,2.5,8,1,26.4,8,1
2017/6/30,7.5,8,1,27.9,8,1
2017/7/1,0.0,8,1,28.5,8,1
2017/7/2,0.0,8,1,29.1,8,1
2017/7/3,0.0,8,1,29.5,8,1
2017/7/4,22.0,8,1,27.0,8,1
2017/7/5,9.0,8,1,27.3,8,1
2017/7/6,138.5,8,1,23.3,8,1
2017/7/7,8.5,8,1,25.8,8,1
2017/7/8,8.0,8,1,27.9,8,1
2017/7/9,25.5,8,1,26.8,8,1
2017/7/10,0.0,8,1,27.9,8,1
2017/7/11,0.5,8,1,29.0,8,1
2017/7/12,15.0,8,1,28.0,8,1
2017/7/13,0.0,8,1,28.9,8,1
2017/7/14,0.0,8,1,29.0,8,1
2017/7/15,0.0,8,1,29.6,8,1
2017/7/16,0.0,8,1,30.1,8,1
2017/7/17,0.0,8,1,30.1,8,1
2017/7/18,8.5,8,1,28.1,8,1
2017/7/19,0.0,8,1,28.1,8,1
2017/7/20,62.5,8,1,29.5,8,1
2017/7/21,0.0,8,1,30.3,8,1
2017/7/22,14.0,8,1,30.4,8,1
2017/7/23,0.0,8,1,30.3,8,1
2017/7/24,5.0,8,1,29.1,8,1
2017/7/25,13.5,8,1,29.4,8,1
2017/7/26,0.0,8,1,29.8,8,1
2017/7/27,0.0,8,1,30.8,8,1
2017/7/28,0.0,8,1,30.7,8,1
2017/7/29,0.0,8,1,30.6,8,1
2017/7/30,0.0,8,1,31.4,8,1
2017/7/31,1.0,8,1,30.2,8,1
2017/8/1,0.0,8,1,30.5,8,1
2017/8/2,0.0,8,1,30.3,8,1
2017/8/3,0.0,8,1,30.7,8,1
2017/8/4,0.0,8,1,31.6,8,1
2017/8/5,0.0,8,1,31.4,8,1
2017/8/6,0.0,8,1,30.0,8,1
2017/8/7,0.0,8,1,31.4,8,1
2017/8/8,0.0,8,1,30.3,8,1
2017/8/9,21.5,8,1,27.9,8,1
2017/8/10,0.0,8,1,29.6,8,1
2017/8/11,0.0,8,1,29.5,8,1
2017/8/12,0.0,8,1,28.5,8,1
2017/8/13,0.0,8,1,28.6,8,1
2017/8/14,75.0,8,1,26.7,8,1
2017/8/15,8.0,8,1,27.3,8,1
2017/8/16,4.0,8,1,28.0,8,1
2017/8/17,0.0,8,1,28.4,8,1
2017/8/18,0.0,8,1,28.7,8,1
2017/8/19,0.0,8,1,29.1,8,1
2017/8/20,0.0,8,1,29.4,8,1
2017/8/21,5.5,8,1,27.5,8,1
2017/8/22,0.0,8,1,29.6,8,1
2017/8/23,0.0,8,1,30.3,8,1
2017/8/24,0.0,8,1,29.9,8,1
2017/8/25,6.5,8,1,29.8,8,1
2017/8/26,38.5,8,1,26.2,8,1
2017/8/27,0.0,8,1,27.9,8,1
2017/8/28,0.0,8,1,28.8,8,1
2017/8/29,0.0,8,1,28.6,8,1
2017/8/30,0.0,8,1,28.5,8,1
2017/8/31,0.0,8,1,27.3,8,1
2017/9/1,0.0,8,1,25.3,8,1
2017/9/2,0.0,8,1,24.7,8,1
2017/9/3,0.0,8,1,25.5,8,1
2017/9/4,2.0,8,1,23.5,8,1
2017/9/5,17.0,8,1,23.7,8,1
2017/9/6,1.5,8,1,26.4,8,1
2017/9/7,89.0,8,1,25.1,8,1
2017/9/8,0.0,8,1,25.1,8,1
2017/9/9,0.0,8,1,25.2,8,1
2017/9/10,0.0,8,1,26.8,8,1
2017/9/11,2.5,8,1,25.8,8,1
2017/9/12,10.0,8,1,26.0,8,1
2017/9/13,0.0,8,1,24.7,8,1
2017/9/14,10.5,8,1,22.7,8,1
2017/9/15,0.0,8,1,22.4,8,1
2017/9/16,13.5,8,1,21.9,8,1
2017/9/17,65.0,8,1,22.6,8,1
2017/9/18,0.5,8,1,24.1,8,1
2017/9/19,0.0,8,1,23.0,8,1
2017/9/20,0.5,8,1,23.0,8,1
2017/9/21,0.0,8,1,23.2,8,1
2017/9/22,4.0,8,1,22.7,8,1
2017/9/23,0.0,8,1,22.7,8,1
2017/9/24,0.0,8,1,20.7,8,1
2017/9/25,0.0,8,1,23.1,8,1
2017/9/26,0.0,8,1,25.5,8,1
2017/9/27,24.5,8,1,23.4,8,1
2017/9/28,0.5,8,1,22.6,8,1
2017/9/29,0.0,8,1,20.5,8,1
2017/9/30,0.0,8,1,21.3,8,1
2017/10/1,1.5,8,1,19.4,8,1
2017/10/2,54.0,8,1,20.9,8,1
2017/10/3,0.0,8,1,23.3,8,1
2017/10/4,0.0,8,1,21.2,8,1
2017/10/5,0.5,8,1,20.6,8,1
2017/10/6,47.5,8,1,19.9,8,1
2017/10/7,0.0,8,1,23.6,8,1
2017/10/8,0.0,8,1,24.0,8,1
2017/10/9,0.0,8,1,24.3,8,1
2017/10/10,0.0,8,1,24.2,8,1
2017/10/11,0.0,8,1,23.8,8,1
2017/10/12,1.5,8,1,23.9,8,1
2017/10/13,0.0,8,1,20.1,8,1
2017/10/14,4.0,8,1,20.1,8,1
2017/10/15,58.0,8,1,17.1,8,1
2017/10/16,35.5,8,1,17.1,8,1
2017/10/17,4.5,8,1,17.7,8,1
2017/10/18,7.0,8,1,17.2,8,1
2017/10/19,6.0,8,1,17.4,8,1
2017/10/20,1.0,8,1,19.1,8,1
2017/10/21,0.0,8,1,18.6,8,1
2017/10/22,4.0,8,1,19.2,8,1
2017/10/23,0.5,8,1,17.3,8,1
2017/10/24,0.0,8,1,15.9,8,1
2017/10/25,0.0,8,1,15.5,8,1
2017/10/26,0.0,8,1,16.5,8,1
2017/10/27,0.0,8,1,19.5,8,1
2017/10/28,31.0,8,1,18.7,8,1
2017/10/29,19.0,8,1,18.0,8,1
2017/10/30,0.0,8,1,15.1,8,1
2017/10/31,0.0,8,1,14.2,8,1
2017/11/1,0.0,8,1,15.3,8,1
2017/11/2,0.0,8,1,17.3,8,1
2017/11/3,0.0,8,1,16.8,8,1
2017/11/4,0.0,8,1,14.3,8,1
2017/11/5,0.0,8,1,13.4,8,1
2017/11/6,0.0,8,1,14.7,8,1
2017/11/7,2.5,8,1,16.2,8,1
2017/11/8,5.5,8,1,16.8,8,1
2017/11/9,0.0,8,1,15.9,8,1
2017/11/10,0.0,8,1,16.8,8,1
2017/11/11,0.0,8,1,14.4,8,1
2017/11/12,0.0,8,1,12.6,8,1
2017/11/13,0.0,8,1,14.0,8,1
2017/11/14,0.0,8,1,15.6,8,1
2017/11/15,0.0,8,1,12.5,8,1
2017/11/16,0.0,8,1,10.1,8,1
2017/11/17,0.5,8,1,9.3,8,1
2017/11/18,2.0,8,1,11.8,8,1
2017/11/19,0.0,8,1,7.3,8,1
2017/11/20,0.0,8,1,7.2,8,1
2017/11/21,0.0,8,1,7.5,8,1
2017/11/22,6.5,8,1,8.7,8,1
2017/11/23,0.0,8,1,8.8,8,1
2017/11/24,0.5,8,1,8.4,8,1
2017/11/25,0.0,8,1,7.7,8,1
2017/11/26,0.0,8,1,9.7,8,1
2017/11/27,0.0,8,1,11.7,8,1
2017/11/28,0.0,8,1,12.7,8,1
2017/11/29,7.0,8,1,14.4,8,1
2017/11/30,0.0,8,1,12.6,8,1
2017/12/1,0.0,8,1,7.6,8,1
2017/12/2,0.0,8,1,7.0,8,1
2017/12/3,0.0,8,1,10.2,8,1
2017/12/4,0.0,8,1,9.6,8,1
2017/12/5,0.0,8,1,5.3,8,1
2017/12/6,0.0,8,1,5.0,8,1
2017/12/7,0.0,8,1,6.1,8,1
2017/12/8,0.0,8,1,5.3,8,1
2017/12/9,0.0,8,1,5.1,8,1
2017/12/10,5.0,8,1,7.1,8,1
2017/12/11,0.5,8,1,5.6,8,1
2017/12/12,0.0,8,1,3.0,8,1
2017/12/13,0.0,8,1,2.6,8,1
2017/12/14,0.0,8,1,5.9,8,1
2017/12/15,0.0,8,1,8.0,8,1
2017/12/16,0.0,8,1,7.1,8,1
2017/12/17,0.0,8,1,3.4,8,1
2017/12/18,0.0,8,1,4.0,8,1
2017/12/19,0.0,8,1,6.7,8,1
2017/12/20,0.0,8,1,4.1,8,1
2017/12/21,0.0,8,1,4.4,8,1
2017/12/22,0.0,8,1,5.4,8,1
2017/12/23,0.0,8,1,6.1,8,1
2017/12/24,8.0,8,1,8.7,8,1
2017/12/25,0.0,8,1,6.2,8,1
2017/12/26,0.0,8,1,5.4,8,1
2017/12/27,0.0,8,1,4.2,8,1
2017/12/28,0.0,8,1,3.3,8,1
2017/12/29,0.0,8,1,5.9,8,1
2017/12/30,0.0,8,1,7.2,8,1
2017/12/31,0.5,8,1,7.0,8,1
2018/1/1,0.0,8,1,3.5,8,1
2018/1/2,0.0,8,1,3.6,8,1
2018/1/3,0.0,8,1,5.0,8,1
2018/1/4,0.0,8,1,5.3,8,1
2018/1/5,2.0,8,1,5.5,8,1
2018/1/6,0.0,8,1,5.5,8,1
2018/1/7,0.5,8,1,6.0,8,1
2018/1/8,15.5,8,1,9.8,8,1
2018/1/9,0.0,8,1,5.5,8,1
2018/1/10,4.5,8,1,2.7,8,1
2018/1/11,0.5,8,1,0.5,8,1
2018/1/12,0.0,8,1,-0.5,8,1
2018/1/13,0.0,8,1,1.4,8,1
2018/1/14,0.0,8,1,3.3,8,1
2018/1/15,0.5,8,1,3.3,8,1
2018/1/16,7.0,8,1,9.6,8,1
2018/1/17,17.5,8,1,12.0,8,1
2018/1/18,0.0,8,1,8.7,8,1
2018/1/19,0.0,8,1,7.8,8,1
2018/1/20,0.0,8,1,7.1,8,1
2018/1/21,0.0,8,1,6.7,8,1
2018/1/22,14.0,8,1,5.4,8,1
2018/1/23,0.0,8,1,4.5,8,1
2018/1/24,0.0,8,1,0.7,8,1
2018/1/25,0.0,8,1,0.9,8,1
2018/1/26,0.0,8,1,0.8,8,1
2018/1/27,0.0,8,1,2.2,8,1
2018/1/28,1.0,8,1,3.3,8,1
2018/1/29,0.0,8,1,2.8,8,1
2018/1/30,0.0,8,1,2.4,8,1
2018/1/31,0.0,8,1,3.2,8,1
2018/2/1,0.0,8,1,5.3,8,1
2018/2/2,0.0,8,1,4.2,8,1
2018/2/3,0.0,8,1,3.5,8,1
2018/2/4,0.0,8,1,0.6,8,1
2018/2/5,1.0,8,1,-0.4,8,1
2018/2/6,0.0,8,1,-0.2,8,1
2018/2/7,0.0,8,1,0.7,8,1
2018/2/8,0.0,8,1,1.9,8,1
2018/2/9,0.0,8,1,6.1,8,1
2018/2/10,12.5,8,1,6.7,8,1
2018/2/11,2.0,8,1,2.9,8,1
2018/2/12,1.0,8,1,1.5,8,1
2018/2/13,1.0,8,1,2.6,8,1
2018/2/14,0.0,8,1,6.3,8,1
2018/2/15,4.0,8,1,7.8,8,1
2018/2/16,0.5,8,1,5.6,8,1
2018/2/17,0.0,8,1,5.3,8,1
2018/2/18,0.0,8,1,6.0,8,1
2018/2/19,0.5,8,1,7.5,8,1
2018/2/20,0.0,8,1,9.1,8,1
2018/2/21,0.0,8,1,8.6,8,1
2018/2/22,0.0,8,1,6.8,8,1
2018/2/23,0.0,8,1,5.9,8,1
2018/2/24,0.0,8,1,8.0,8,1
2018/2/25,4.5,8,1,8.4,8,1
2018/2/26,0.0,8,1,8.9,8,1
2018/2/27,0.0,8,1,9.3,8,1
2018/2/28,26.0,8,1,10.1,8,1
2018/3/1,0.0,8,1,10.2,8,1
2018/3/2,0.0,8,1,7.4,8,1
2018/3/3,7.5,8,1,7.8,8,1
2018/3/4,3.5,8,1,14.1,8,1
2018/3/5,38.5,8,1,13.0,8,1
2018/3/6,0.5,8,1,9.9,8,1
2018/3/7,0.0,8,1,10.6,8,1
2018/3/8,23.5,8,1,11.0,8,1
2018/3/9,1.0,8,1,6.9,8,1
2018/3/10,0.0,8,1,7.7,8,1
2018/3/11,0.0,8,1,9.2,8,1
2018/3/12,0.0,8,1,10.3,8,1
2018/3/13,0.0,8,1,13.2,8,1
2018/3/14,0.0,8,1,15.6,8,1
2018/3/15,5.5,8,1,15.6,8,1
2018/3/16,37.5,8,1,10.2,8,1
2018/3/17,0.0,8,1,9.6,8,1
2018/3/18,0.0,8,1,12.8,8,1
2018/3/19,14.0,8,1,14.9,8,1
2018/3/20,10.5,8,1,9.7,8,1
2018/3/21,30.0,8,1,7.7,8,1
2018/3/22,7.0,8,1,7.2,8,1
2018/3/23,0.0,8,1,8.4,8,1
2018/3/24,0.0,8,1,10.5,8,1
2018/3/25,0.0,8,1,12.0,8,1
2018/3/26,0.0,8,1,13.4,8,1
2018/3/27,0.0,8,1,15.1,8,1
2018/3/28,0.0,8,1,15.8,8,1
2018/3/29,0.0,8,1,16.0,8,1
2018/3/30,0.0,8,1,17.3,8,1
2018/3/31,0.0,8,1,16.7,8,1
2018/4/1,0.0,8,1,17.9,8,1
2018/4/2,0.0,8,1,18.8,8,1
2018/4/3,0.0,8,1,19.3,8,1
2018/4/4,0.0,8,1,18.1,8,1
2018/4/5,0.0,8,1,18.6,8,1
2018/4/6,16.0,8,1,15.2,8,1
2018/4/7,0.5,8,1,8.1,8,1
2018/4/8,0.0,8,1,9.7,8,1
2018/4/9,0.0,8,1,14.9,8,1
2018/4/10,0.0,8,1,17.6,8,1
2018/4/11,0.0,8,1,19.5,8,1
2018/4/12,0.0,8,1,18.8,8,1
2018/4/13,0.0,8,1,18.6,8,1
2018/4/14,37.5,8,1,17.9,8,1
2018/4/15,0.0,8,1,14.5,8,1
2018/4/16,0.0,8,1,14.7,8,1
2018/4/17,6.5,8,1,13.7,8,1
2018/4/18,0.0,8,1,15.4,8,1
2018/4/19,0.0,8,1,16.4,8,1
2018/4/20,0.0,8,1,19.1,8,1
2018/4/21,0.0,8,1,19.7,8,1
2018/4/22,0.0,8,1,21.0,8,1
2018/4/23,0.0,8,1,21.1,8,1
2018/4/24,78.5,8,1,18.0,8,1
2018/4/25,0.0,8,1,14.0,8,1
2018/4/26,0.0,8,1,16.1,8,1
2018/4/27,0.0,8,1,17.8,8,1
2018/4/28,0.0,8,1,18.5,8,1
2018/4/29,0.0,8,1,18.9,8,1
2018/4/30,0.0,8,1,20.5,8,1
2018/5/1,4.0,8,1,20.0,8,1
2018/5/2,33.5,8,1,19.8,8,1
2018/5/3,0.0,8,1,16.7,8,1
2018/5/4,0.0,8,1,16.1,8,1
2018/5/5,0.0,8,1,17.3,8,1
2018/5/6,71.0,8,1,17.1,8,1
2018/5/7,5.5,8,1,19.8,8,1
2018/5/8,13.5,8,1,16.3,8,1
2018/5/9,0.0,8,1,15.8,8,1
2018/5/10,0.0,8,1,16.8,8,1
2018/5/11,0.0,8,1,18.6,8,1
2018/5/12,0.0,8,1,20.8,8,1
2018/5/13,17.5,8,1,19.8,8,1
2018/5/14,0.0,8,1,21.2,8,1
2018/5/15,0.0,8,1,23.3,8,1
2018/5/16,0.0,8,1,23.8,8,1
2018/5/17,0.0,8,1,24.9,8,1
2018/5/18,5.0,8,1,24.1,8,1
2018/5/19,0.0,8,1,18.0,8,1
2018/5/20,0.0,8,1,19.3,8,1
2018/5/21,0.0,8,1,22.3,8,1
2018/5/22,0.0,8,1,23.6,8,1
2018/5/23,9.5,8,1,21.3,8,1
2018/5/24,0.0,8,1,22.4,8,1
2018/5/25,0.0,8,1,23.4,8,1
2018/5/26,3.5,8,1,22.2,8,1
2018/5/27,0.0,8,1,22.9,8,1
2018/5/28,2.5,8,1,22.4,8,1
2018/5/29,0.0,8,1,24.1,8,1
2018/5/30,0.0,8,1,25.2,8,1
2018/5/31,0.0,8,1,22.1,8,1
2018/6/1,0.0,8,1,22.6,8,1
2018/6/2,0.0,8,1,24.5,8,1
2018/6/3,0.0,8,1,24.1,8,1
2018/6/4,0.0,8,1,25.3,8,1
2018/6/5,27.5,8,1,20.8,8,1
2018/6/6,3.5,8,1,20.6,8,1
2018/6/7,0.0,8,1,24.8,8,1
2018/6/8,9.0,8,1,25.6,8,1
2018/6/9,0.0,8,1,26.3,8,1
2018/6/10,16.5,8,1,24.2,8,1
2018/6/11,27.0,8,1,21.4,8,1
2018/6/12,0.5,8,1,21.3,8,1
2018/6/13,0.0,8,1,22.1,8,1
2018/6/14,0.0,8,1,22.2,8,1
2018/6/15,0.0,8,1,23.4,8,1
2018/6/16,0.0,8,1,23.8,8,1
2018/6/17,0.0,8,1,26.1,8,1
2018/6/18,4.0,8,1,24.9,8,1
2018/6/19,28.5,8,1,23.0,8,1
2018/6/20,32.0,8,1,23.1,8,1
2018/6/21,0.0,8,1,24.3,8,1
2018/6/22,0.0,8,1,25.6,8,1
2018/6/23,4.5,8,1,21.7,8,1
2018/6/24,0.0,8,1,23.7,8,1
2018/6/25,0.0,8,1,26.3,8,1
2018/6/26,18.0,8,1,25.5,8,1
2018/6/27,0.5,8,1,27.5,8,1
2018/6/28,0.5,8,1,27.6,8,1
2018/6/29,122.0,8,1,24.8,8,1
2018/6/30,69.5,8,1,24.9,8,1
2018/7/1,0.0,8,1,29.2,8,1
2018/7/2,1.0,8,1,28.9,8,1
2018/7/3,55.0,8,1,24.8,8,1
2018/7/4,1.5,8,1,27.9,8,1
2018/7/5,103.0,8,1,25.6,8,1
2018/7/6,277.0,8,1,24.4,8,1
2018/7/7,4.0,8,1,23.5,8,1
2018/7/8,2.0,8,1,24.2,8,1
2018/7/9,0.0,8,1,28.2,8,1
2018/7/10,0.0,8,1,30.3,8,1
2018/7/11,0.0,8,1,30.2,8,1
2018/7/12,0.0,8,1,30.1,8,1
2018/7/13,0.0,8,1,30.6,8,1
2018/7/14,0.0,8,1,30.5,8,1
2018/7/15,0.0,8,1,31.2,8,1
2018/7/16,0.0,8,1,31.0,8,1
2018/7/17,0.0,8,1,30.8,8,1
2018/7/18,0.0,8,1,30.9,8,1
2018/7/19,0.0,8,1,32.0,8,1
2018/7/20,0.0,8,1,32.2,8,1
2018/7/21,0.0,8,1,31.2,8,1
2018/7/22,0.5,8,1,30.1,8,1
2018/7/23,0.0,8,1,30.2,8,1
2018/7/24,0.0,8,1,31.3,8,1
2018/7/25,0.0,8,1,31.9,8,1
2018/7/26,0.0,8,1,32.3,8,1
2018/7/27,0.0,8,1,31.8,8,1
2018/7/28,0.0,8,1,30.2,8,1
2018/7/29,31.5,8,1,26.9,8,1
2018/7/30,0.5,8,1,28.5,8,1
2018/7/31,0.0,8,1,29.6,8,1
2018/8/1,0.0,8,1,30.7,8,1
2018/8/2,0.0,8,1,31.3,8,1
2018/8/3,0.0,8,1,31.5,8,1
2018/8/4,0.0,8,1,31.3,8,1
2018/8/5,0.0,8,1,31.0,8,1
2018/8/6,0.0,8,1,31.4,8,1
2018/8/7,0.0,8,1,31.6,8,1
2018/8/8,0.0,8,1,29.9,8,1
2018/8/9,0.0,8,1,29.4,8,1
2018/8/10,0.0,8,1,30.8,8,1
2018/8/11,0.0,8,1,31.7,8,1
2018/8/12,0.0,8,1,32.7,8,1
2018/8/13,2.5,8,1,30.8,8,1
2018/8/14,0.0,8,1,31.7,8,1
2018/8/15,12.5,8,1,29.0,8,1
2018/8/16,0.0,8,1,29.3,8,1
2018/8/17,0.0,8,1,28.3,8,1
2018/8/18,0.0,8,1,28.0,8,1
2018/8/19,0.0,8,1,29.1,8,1
2018/8/20,0.0,8,1,29.5,8,1
2018/8/21,0.0,8,1,31.4,8,1
2018/8/22,0.0,8,1,32.6,8,1
2018/8/23,4.0,8,1,31.1,8,1
2018/8/24,5.5,8,1,29.2,8,1
2018/8/25,0.0,8,1,30.9,8,1
2018/8/26,0.0,8,1,30.5,8,1
2018/8/27,0.0,8,1,29.7,8,1
2018/8/28,0.0,8,1,30.2,8,1
2018/8/29,0.0,8,1,30.2,8,1
2018/8/30,13.5,8,1,27.6,8,1
2018/8/31,26.0,8,1,26.8,8,1
2018/9/1,26.5,8,1,24.9,8,1
2018/9/2,0.0,8,1,27.5,8,1
2018/9/3,0.0,8,1,28.7,8,1
2018/9/4,0.0,8,1,27.5,8,1
2018/9/5,0.0,8,1,26.6,8,1
2018/9/6,0.0,8,1,26.7,8,1
2018/9/7,14.0,8,1,25.4,8,1
2018/9/8,26.5,8,1,21.3,8,1
2018/9/9,4.5,8,1,22.6,8,1
2018/9/10,0.0,8,1,23.8,8,1
2018/9/11,0.0,8,1,24.6,8,1
2018/9/12,0.5,8,1,24.2,8,1
2018/9/13,0.0,8,1,25.4,8,1
2018/9/14,1.0,8,1,25.8,8,1
2018/9/15,4.0,8,1,27.3,8,1
2018/9/16,0.0,8,1,26.8,8,1
2018/9/17,0.0,8,1,25.6,8,1
2018/9/18,0.0,8,1,26.3,8,1
2018/9/19,0.5,8,1,25.9,8,1
2018/9/20,60.5,8,1,23.1,8,1
2018/9/21,24.0,8,1,25.2,8,1
2018/9/22,0.0,8,1,25.4,8,1
2018/9/23,0.0,8,1,23.6,8,1
2018/9/24,1.5,8,1,21.8,8,1
2018/9/25,0.0,8,1,22.9,8,1
2018/9/26,0.0,8,1,21.4,8,1
2018/9/27,0.0,8,1,22.4,8,1
2018/9/28,8.0,8,1,22.5,8,1
2018/9/29,14.5,8,1,19.9,8,1
2018/9/30,31.5,8,1,20.1,8,1
2018/10/1,0.0,8,1,19.3,8,1
2018/10/2,0.0,8,1,18.9,8,1
2018/10/3,0.0,8,1,20.6,8,1
2018/10/4,5.5,8,1,21.0,8,1
2018/10/5,8.0,8,1,24.7,8,1
2018/10/6,0.0,8,1,25.0,8,1
2018/10/7,0.0,8,1,23.1,8,1
2018/10/8,0.0,8,1,21.8,8,1
2018/10/9,0.0,8,1,22.0,8,1
2018/10/10,0.0,8,1,21.3,8,1
2018/10/11,1.0,8,1,16.9,8,1
2018/10/12,0.0,8,1,16.2,8,1
2018/10/13,0.0,8,1,17.4,8,1
2018/10/14,0.0,8,1,18.3,8,1
2018/10/15,0.0,8,1,19.4,8,1
2018/10/16,0.0,8,1,18.7,8,1
2018/10/17,0.0,8,1,18.9,8,1
2018/10/18,2.0,8,1,16.8,8,1
2018/10/19,1.0,8,1,16.6,8,1
2018/10/20,0.0,8,1,17.7,8,1
2018/10/21,0.0,8,1,16.6,8,1
2018/10/22,0.0,8,1,17.4,8,1
2018/10/23,14.0,8,1,16.9,8,1
2018/10/24,0.0,8,1,17.3,8,1
2018/10/25,0.0,8,1,17.1,8,1
2018/10/26,18.5,8,1,15.4,8,1
2018/10/27,0.0,8,1,15.5,8,1
2018/10/28,0.0,8,1,15.1,8,1
2018/10/29,0.0,8,1,16.5,8,1
2018/10/30,0.0,8,1,14.5,8,1
2018/10/31,0.0,8,1,13.4,8,1
2018/11/1,0.0,8,1,13.8,8,1
2018/11/2,0.0,8,1,13.8,8,1
2018/11/3,0.0,8,1,15.1,8,1
2018/11/4,0.0,8,1,16.1,8,1
2018/11/5,0.0,8,1,16.1,8,1
2018/11/6,0.0,8,1,16.9,8,1
2018/11/7,0.0,8,1,17.8,8,1
2018/11/8,5.5,8,1,20.0,8,1
2018/11/9,12.5,8,1,17.8,8,1
2018/11/10,0.0,8,1,15.2,8,1
2018/11/11,0.0,8,1,14.9,8,1
2018/11/12,13.0,8,1,13.1,8,1
2018/11/13,0.0,8,1,15.5,8,1
2018/11/14,0.0,8,1,13.3,8,1
2018/11/15,0.0,8,1,12.8,8,1
2018/11/16,3.0,8,1,11.3,8,1
2018/11/17,0.0,8,1,13.1,8,1
2018/11/18,2.0,8,1,12.3,8,1
2018/11/19,2.5,8,1,12.9,8,1
2018/11/20,0.0,8,1,10.8,8,1
2018/11/21,1.0,8,1,10.9,8,1
2018/11/22,2.0,8,1,10.9,8,1
2018/11/23,0.0,8,1,7.4,8,1
2018/11/24,0.0,8,1,8.6,8,1
2018/11/25,0.0,8,1,12.4,8,1
2018/11/26,0.0,8,1,12.8,8,1
2018/11/27,2.0,8,1,14.1,8,1
2018/11/28,1.0,8,1,14.0,8,1
2018/11/29,0.0,8,1,12.8,8,1
2018/11/30,0.0,8,1,11.3,8,1
2018/12/1,0.0,8,1,13.2,8,1
2018/12/2,1.5,8,1,14.4,8,1
2018/12/3,41.0,8,1,16.4,8,1
2018/12/4,5.5,8,1,18.6,8,1
2018/12/5,0.0,8,1,15.7,8,1
2018/12/6,1.0,8,1,13.2,8,1
2018/12/7,0.0,8,1,9.2,8,1
2018/12/8,0.0,8,1,5.2,8,1
2018/12/9,0.0,8,1,5.1,8,1
2018/12/10,0.0,8,1,6.3,8,1
2018/12/11,16.0,8,1,8.4,8,1
2018/12/12,2.0,8,1,8.4,8,1
2018/12/13,0.0,8,1,5.2,8,1
2018/12/14,0.0,8,1,6.6,8,1
2018/12/15,0.0,8,1,5.8,8,1
2018/12/16,10.5,8,1,6.4,8,1
2018/12/17,0.5,8,1,9.3,8,1
2018/12/18,0.0,8,1,8.3,8,1
2018/12/19,0.0,8,1,8.1,8,1
2018/12/20,2.5,8,1,11.3,8,1
2018/12/21,0.5,8,1,13.2,8,1
2018/12/22,0.0,8,1,15.2,8,1
2018/12/23,2.0,8,1,11.5,8,1
2018/12/24,0.0,8,1,7.4,8,1
2018/12/25,0.0,8,1,7.6,8,1
2018/12/26,2.0,8,1,8.9,8,1
2018/12/27,0.0,8,1,8.3,8,1
2018/12/28,0.0,8,1,3.0,8,1
2018/12/29,0.0,8,1,2.6,8,1
2018/12/30,0.0,8,1,2.9,8,1
2018/12/31,0.0,8,1,6.1,8,1
2019/1/1,0.0,8,1,5.0,8,1
2019/1/2,0.0,8,1,5.1,8,1
2019/1/3,0.0,8,1,4.0,8,1
2019/1/4,0.0,8,1,5.5,8,1
2019/1/5,0.5,8,1,8.0,8,1
2019/1/6,0.0,8,1,6.9,8,1
2019/1/7,0.0,8,1,6.4,8,1
2019/1/8,0.0,8,1,6.7,8,1
2019/1/9,0.0,8,1,6.7,8,1
2019/1/10,0.0,8,1,5.9,8,1
2019/1/11,0.0,8,1,8.0,8,1
2019/1/12,4.5,8,1,9.6,8,1
2019/1/13,1.0,8,1,9.6,8,1
2019/1/14,0.0,8,1,8.3,8,1
2019/1/15,0.0,8,1,7.2,8,1
2019/1/16,0.0,8,1,5.8,8,1
2019/1/17,0.0,8,1,4.8,8,1
2019/1/18,0.0,8,1,6.1,8,1
2019/1/19,0.0,8,1,6.5,8,1
2019/1/20,2.0,8,1,9.2,8,1
2019/1/21,0.0,8,1,5.4,8,1
2019/1/22,0.0,8,1,6.2,8,1
2019/1/23,0.0,8,1,6.9,8,1
2019/1/24,0.0,8,1,7.0,8,1
2019/1/25,0.0,8,1,7.0,8,1
2019/1/26,5.5,8,1,3.7,8,1
2019/1/27,0.0,8,1,3.4,8,1
2019/1/28,0.0,8,1,5.7,8,1
2019/1/29,0.0,8,1,6.6,8,1
2019/1/30,0.0,8,1,7.6,8,1
2019/1/31,21.0,8,1,8.0,8,1
2019/2/1,0.0,8,1,5.6,8,1
2019/2/2,0.0,8,1,5.9,8,1
2019/2/3,13.5,8,1,11.6,8,1
2019/2/4,0.5,8,1,10.5,8,1
2019/2/5,8.0,8,1,9.1,8,1
2019/2/6,8.0,8,1,11.5,8,1
2019/2/7,3.0,8,1,10.3,8,1
2019/2/8,0.0,8,1,7.9,8,1
2019/2/9,1.5,8,1,5.7,8,1
2019/2/10,0.0,8,1,7.1,8,1
2019/2/11,0.0,8,1,7.0,8,1
2019/2/12,0.0,8,1,6.2,8,1
2019/2/13,0.0,8,1,8.0,8,1
2019/2/14,0.0,8,1,7.0,8,1
2019/2/15,10.0,8,1,5.3,8,1
2019/2/16,1.0,8,1,6.9,8,1
2019/2/17,0.0,8,1,6.2,8,1
2019/2/18,0.5,8,1,7.1,8,1
2019/2/19,21.0,8,1,12.2,8,1
2019/2/20,0.0,8,1,10.8,8,1
2019/2/21,0.0,8,1,10.1,8,1
2019/2/22,2.5,8,1,9.5,8,1
2019/2/23,0.0,8,1,11.0,8,1
2019/2/24,0.0,8,1,10.2,8,1
2019/2/25,0.0,8,1,10.7,8,1
2019/2/26,0.0,8,1,11.1,8,1
2019/2/27,6.0,8,1,10.1,8,1
2019/2/28,8.0,8,1,10.5,8,1
2019/3/1,0.0,8,1,10.3,8,1
2019/3/2,4.0,8,1,9.7,8,1
2019/3/3,12.0,8,1,9.8,8,1
2019/3/4,2.0,8,1,10.6,8,1
2019/3/5,0.0,8,1,10.7,8,1
2019/3/6,22.5,8,1,10.5,8,1
2019/3/7,4.5,8,1,9.2,8,1
2019/3/8,0.0,8,1,8.9,8,1
2019/3/9,0.0,8,1,10.8,8,1
2019/3/10,44.0,8,1,11.5,8,1
2019/3/11,3.0,8,1,12.6,8,1
2019/3/12,2.5,8,1,11.2,8,1
2019/3/13,0.0,8,1,8.4,8,1
2019/3/14,0.0,8,1,7.5,8,1
2019/3/15,0.0,8,1,8.2,8,1
2019/3/16,0.0,8,1,9.6,8,1
2019/3/17,0.0,8,1,10.4,8,1
2019/3/18,0.0,8,1,10.2,8,1
2019/3/19,4.5,8,1,12.1,8,1
2019/3/20,0.0,8,1,13.6,8,1
2019/3/21,17.5,8,1,17.1,8,1
2019/3/22,0.0,8,1,13.1,8,1
2019/3/23,0.0,8,1,10.0,8,1
2019/3/24,0.0,8,1,9.3,8,1
2019/3/25,0.0,8,1,8.3,8,1
2019/3/26,0.0,8,1,12.4,8,1
2019/3/27,0.0,8,1,13.7,8,1
2019/3/28,2.5,8,1,16.4,8,1
2019/3/29,0.0,8,1,16.7,8,1
2019/3/30,0.0,8,1,15.7,8,1
2019/3/31,0.0,8,1,10.0,8,1
2019/4/1,0.0,8,1,8.9,8,1
2019/4/2,0.0,8,1,10.1,8,1
2019/4/3,0.0,8,1,9.7,8,1
2019/4/4,0.0,8,1,11.2,8,1
2019/4/5,0.0,8,1,13.8,8,1
2019/4/6,0.0,8,1,15.5,8,1
2019/4/7,0.0,8,1,16.8,8,1
2019/4/8,5.0,8,1,17.3,8,1
2019/4/9,11.5,8,1,15.8,8,1
2019/4/10,25.5,8,1,14.7,8,1
2019/4/11,0.0,8,1,12.3,8,1
2019/4/12,0.0,8,1,13.0,8,1
2019/4/13,0.0,8,1,13.9,8,1
2019/4/14,6.5,8,1,13.0,8,1
2019/4/15,0.0,8,1,13.9,8,1
2019/4/16,0.0,8,1,16.0,8,1
2019/4/17,0.0,8,1,18.0,8,1
2019/4/18,0.0,8,1,17.6,8,1
2019/4/19,0.0,8,1,17.8,8,1
2019/4/20,0.0,8,1,18.8,8,1
2019/4/21,0.0,8,1,19.7,8,1
2019/4/22,0.0,8,1,21.9,8,1
2019/4/23,17.5,8,1,19.3,8,1
2019/4/24,1.5,8,1,19.7,8,1
2019/4/25,0.5,8,1,19.5,8,1
2019/4/26,2.0,8,1,16.9,8,1
2019/4/27,0.0,8,1,14.1,8,1
2019/4/28,0.0,8,1,14.4,8,1
2019/4/29,41.0,8,1,16.0,8,1
2019/4/30,16.5,8,1,17.1,8,1
2019/5/1,0.0,8,1,17.3,8,1
2019/5/2,0.0,8,1,18.4,8,1
2019/5/3,0.0,8,1,19.1,8,1
2019/5/4,0.0,8,1,20.7,8,1
2019/5/5,0.0,8,1,21.1,8,1
2019/5/6,2.5,8,1,18.3,8,1
2019/5/7,0.0,8,1,17.0,8,1
2019/5/8,0.0,8,1,17.8,8,1
2019/5/9,2.5,8,1,17.8,8,1
2019/5/10,0.0,8,1,20.9,8,1
2019/5/11,0.0,8,1,22.2,8,1
2019/5/12,0.0,8,1,22.3,8,1
2019/5/13,0.0,8,1,22.8,8,1
2019/5/14,0.0,8,1,22.7,8,1
2019/5/15,0.0,8,1,23.4,8,1
2019/5/16,0.0,8,1,23.7,8,1
2019/5/17,0.0,8,1,23.6,8,1
2019/5/18,10.0,8,1,20.8,8,1
2019/5/19,0.0,8,1,23.5,8,1
2019/5/20,21.0,8,1,21.2,8,1
2019/5/21,0.0,8,1,18.6,8,1
2019/5/22,0.0,8,1,20.3,8,1
2019/5/23,0.0,8,1,21.3,8,1
2019/5/24,0.0,8,1,22.9,8,1
2019/5/25,0.0,8,1,24.4,8,1
2019/5/26,0.0,8,1,25.6,8,1
2019/5/27,4.5,8,1,22.8,8,1
2019/5/28,10.5,8,1,21.1,8,1
2019/5/29,0.0,8,1,21.6,8,1
2019/5/30,0.0,8,1,22.4,8,1
2019/5/31,1.5,8,1,20.2,8,1
2019/6/1,0.0,8,1,23.3,8,1
2019/6/2,0.0,8,1,22.8,8,1
2019/6/3,0.0,8,1,24.8,8,1
2019/6/4,8.0,8,1,24.7,8,1
2019/6/5,2.5,8,1,26.2,8,1
2019/6/6,9.0,8,1,25.8,8,1
2019/6/7,14.0,8,1,23.5,8,1
2019/6/8,0.0,8,1,21.8,8,1
2019/6/9,0.0,8,1,22.6,8,1
2019/6/10,0.0,8,1,22.2,8,1
2019/6/11,0.0,8,1,21.5,8,1
2019/6/12,0.0,8,1,21.9,8,1
2019/6/13,0.0,8,1,24.7,8,1
2019/6/14,0.0,8,1,22.8,8,1
2019/6/15,17.5,8,1,20.7,8,1
2019/6/16,0.0,8,1,22.3,8,1
2019/6/17,0.0,8,1,23.4,8,1
2019/6/18,0.0,8,1,21.6,8,1
2019/6/19,0.0,8,1,25.2,8,1
2019/6/20,0.0,8,1,26.5,8,1
2019/6/21,0.0,8,1,26.5,8,1
2019/6/22,0.0,8,1,25.3,8,1
2019/6/23,0.0,8,1,22.6,8,1
2019/6/24,0.0,8,1,23.1,8,1
2019/6/25,0.0,8,1,26.4,8,1
2019/6/26,10.0,8,1,24.6,8,1
2019/6/27,14.0,8,1,26.1,8,1
2019/6/28,1.0,8,1,26.3,8,1
2019/6/29,8.5,8,1,25.9,8,1
2019/6/30,16.5,8,1,25.0,8,1
2019/7/1,13.0,8,1,22.9,8,1
2019/7/2,38.5,8,1,22.7,8,1
2019/7/3,13.0,8,1,22.8,8,1
2019/7/4,0.0,8,1,25.1,8,1
2019/7/5,0.0,8,1,25.5,8,1
2019/7/6,0.0,8,1,27.2,8,1
2019/7/7,0.0,8,1,26.0,8,1
2019/7/8,2.0,8,1,26.1,8,1
2019/7/9,9.0,8,1,25.7,8,1
2019/7/10,69.0,8,1,24.9,8,1
2019/7/11,8.0,8,1,25.9,8,1
2019/7/12,0.0,8,1,25.9,8,1
2019/7/13,40.0,8,1,22.2,8,1
2019/7/14,4.5,8,1,23.4,8,1
2019/7/15,0.0,8,1,26.0,8,1
2019/7/16,0.0,8,1,27.1,8,1
2019/7/17,0.0,8,1,27.5,8,1
2019/7/18,39.5,8,1,26.2,8,1
2019/7/19,0.5,8,1,26.6,8,1
2019/7/20,20.5,8,1,26.2,8,1
2019/7/21,323.5,8,1,25.5,8,1
2019/7/22,66.0,8,1,26.2,8,1
2019/7/23,24.5,8,1,27.3,8,1
2019/7/24,0.0,8,1,28.6,8,1
2019/7/25,0.0,8,1,29.2,8,1
2019/7/26,0.0,8,1,29.8,8,1
2019/7/27,0.0,8,1,29.0,8,1
2019/7/28,0.0,8,1,30.4,8,1
2019/7/29,16.5,8,1,28.8,8,1
2019/7/30,0.0,8,1,30.0,8,1
2019/7/31,0.0,8,1,30.6,8,1
2019/8/1,0.0,8,1,31.5,8,1
2019/8/2,0.0,8,1,32.2,8,1
2019/8/3,0.0,8,1,31.8,8,1
2019/8/4,0.0,8,1,31.0,8,1
2019/8/5,0.0,8,1,31.2,8,1
2019/8/6,32.5,8,1,26.4,8,1
2019/8/7,0.0,8,1,29.0,8,1
2019/8/8,16.0,8,1,30.0,8,1
2019/8/9,0.0,8,1,29.6,8,1
2019/8/10,0.0,8,1,30.4,8,1
2019/8/11,0.0,8,1,30.6,8,1
2019/8/12,0.0,8,1,31.1,8,1
2019/8/13,0.0,8,1,32.0,8,1
2019/8/14,0.5,8,1,30.1,8,1
2019/8/15,30.5,8,1,27.7,8,1
2019/8/16,0.0,8,1,28.2,8,1
2019/8/17,0.0,8,1,28.6,8,1
2019/8/18,0.0,8,1,26.9,8,1
2019/8/19,7.0,8,1,26.0,8,1
2019/8/20,48.0,8,1,26.5,8,1
2019/8/21,0.0,8,1,28.8,8,1
2019/8/22,1.5,8,1,28.6,8,1
2019/8/23,42.0,8,1,26.3,8,1
2019/8/24,20.0,8,1,23.1,8,1
2019/8/25,3.0,8,1,21.0,8,1
2019/8/26,38.0,8,1,21.1,8,1
2019/8/27,144.5,8,1,23.9,8,1
2019/8/28,216.5,8,1,25.5,8,1
2019/8/29,9.0,8,1,26.0,8,1
2019/8/30,2.5,8,1,24.9,8,1
2019/8/31,0.5,8,1,23.0,8,1
2019/9/1,5.5,8,1,23.0,8,1
2019/9/2,4.5,8,1,24.9,8,1
2019/9/3,13.0,8,1,26.9,8,1
2019/9/4,0.0,8,1,26.9,8,1
2019/9/5,27.0,8,1,27.3,8,1
2019/9/6,0.0,8,1,29.1,8,1
2019/9/7,1.0,8,1,28.5,8,1
2019/9/8,3.0,8,1,28.8,8,1
2019/9/9,0.0,8,1,29.3,8,1
2019/9/10,0.0,8,1,29.8,8,1
2019/9/11,16.5,8,1,29.4,8,1
2019/9/12,0.0,8,1,28.5,8,1
2019/9/13,0.0,8,1,27.7,8,1
2019/9/14,0.0,8,1,28.5,8,1
2019/9/15,0.0,8,1,28.4,8,1
2019/9/16,0.0,8,1,26.6,8,1
2019/9/17,0.0,8,1,26.2,8,1
2019/9/18,0.0,8,1,25.5,8,1
2019/9/19,0.0,8,1,24.0,8,1
2019/9/20,11.5,8,1,19.5,8,1
2019/9/21,0.0,8,1,22.6,8,1
2019/9/22,11.0,8,1,24.9,8,1
2019/9/23,0.0,8,1,22.4,8,1
2019/9/24,0.0,8,1,22.8,8,1
2019/9/25,0.0,8,1,22.5,8,1
2019/9/26,0.0,8,1,23.6,8,1
2019/9/27,5.5,8,1,26.1,8,1
2019/9/28,1.5,8,1,26.8,8,1
2019/9/29,0.0,8,1,24.9,8,1
2019/9/30,1.0,8,1,25.0,8,1
2019/10/1,0.0,8,1,24.9,8,1
2019/10/2,0.0,8,1,27.2,8,1
2019/10/3,17.5,8,1,24.9,8,1
2019/10/4,0.0,8,1,24.5,8,1
2019/10/5,0.0,8,1,23.5,8,1
2019/10/6,0.0,8,1,23.0,8,1
2019/10/7,0.0,8,1,23.4,8,1
2019/10/8,0.0,8,1,21.1,8,1
2019/10/9,0.0,8,1,19.9,8,1
2019/10/10,0.0,8,1,20.8,8,1
2019/10/11,0.0,8,1,22.9,8,1
2019/10/12,0.0,8,1,22.6,8,1
2019/10/13,0.0,8,1,20.7,8,1
2019/10/14,0.0,8,1,19.7,8,1
2019/10/15,0.0,8,1,19.0,8,1
2019/10/16,0.0,8,1,18.4,8,1
2019/10/17,6.5,8,1,16.5,8,1
2019/10/18,16.5,8,1,19.2,8,1
2019/10/19,7.5,8,1,21.5,8,1
2019/10/20,0.0,8,1,19.8,8,1
2019/10/21,0.0,8,1,20.1,8,1
2019/10/22,0.0,8,1,21.0,8,1
2019/10/23,28.0,8,1,20.3,8,1
2019/10/24,19.0,8,1,18.5,8,1
2019/10/25,0.5,8,1,20.2,8,1
2019/10/26,0.0,8,1,19.3,8,1
2019/10/27,0.0,8,1,17.4,8,1
2019/10/28,0.0,8,1,16.5,8,1
2019/10/29,0.0,8,1,18.0,8,1
2019/10/30,0.0,8,1,16.4,8,1
2019/10/31,0.0,8,1,15.8,8,1
2019/11/1,0.0,8,1,17.0,8,1
2019/11/2,0.0,8,1,17.4,8,1
2019/11/3,0.0,8,1,16.6,8,1
2019/11/4,0.0,8,1,16.0,8,1
2019/11/5,0.0,8,1,14.7,8,1
2019/11/6,0.0,8,1,14.2,8,1
2019/11/7,0.0,8,1,14.3,8,1
2019/11/8,0.0,8,1,15.1,8,1
2019/11/9,0.0,8,1,15.1,8,1
2019/11/10,0.0,8,1,14.4,8,1
2019/11/11,8.5,8,1,15.4,8,1
2019/11/12,0.0,8,1,15.5,8,1
2019/11/13,1.0,8,1,15.6,8,1
2019/11/14,0.0,8,1,12.8,8,1
2019/11/15,0.0,8,1,10.2,8,1
2019/11/16,0.0,8,1,11.6,8,1
2019/11/17,0.0,8,1,13.9,8,1
2019/11/18,7.5,8,1,15.8,8,1
2019/11/19,0.0,8,1,11.8,8,1
2019/11/20,0.0,8,1,9.8,8,1
2019/11/21,0.0,8,1,11.3,8,1
2019/11/22,0.0,8,1,12.9,8,1
2019/11/23,0.0,8,1,16.8,8,1
2019/11/24,9.0,8,1,16.8,8,1
2019/11/25,0.0,8,1,17.1,8,1
2019/11/26,0.0,8,1,14.5,8,1
2019/11/27,1.5,8,1,14.1,8,1
2019/11/28,6.5,8,1,11.6,8,1
2019/11/29,0.0,8,1,9.3,8,1
2019/11/30,0.0,8,1,9.7,8,1
2019/12/1,32.0,8,1,13.0,8,1
2019/12/2,6.0,8,1,12.6,8,1
2019/12/3,0.0,8,1,7.5,8,1
2019/12/4,0.0,8,1,8.0,8,1
2019/12/5,0.0,8,1,7.5,8,1
2019/12/6,0.0,8,1,7.3,8,1
2019/12/7,0.0,8,1,7.3,8,1
2019/12/8,0.0,8,1,7.6,8,1
2019/12/9,0.0,8,1,7.4,8,1
2019/12/10,0.0,8,1,9.3,8,1
2019/12/11,0.0,8,1,9.1,8,1
2019/12/12,0.0,8,1,9.0,8,1
2019/12/13,0.0,8,1,7.4,8,1
2019/12/14,0.0,8,1,10.3,8,1
2019/12/15,0.0,8,1,10.6,8,1
2019/12/16,0.5,8,1,10.7,8,1
2019/12/17,16.5,8,1,14.1,8,1
2019/12/18,0.0,8,1,14.0,8,1
2019/12/19,0.0,8,1,10.8,8,1
2019/12/20,0.0,8,1,8.8,8,1
2019/12/21,0.0,8,1,7.7,8,1
2019/12/22,21.5,8,1,7.3,8,1
2019/12/23,0.0,8,1,7.3,8,1
2019/12/24,0.0,8,1,8.4,8,1
2019/12/25,6.0,8,1,8.4,8,1
2019/12/26,15.5,8,1,12.2,8,1
2019/12/27,0.0,8,1,7.3,8,1
2019/12/28,0.0,8,1,5.6,8,1
2019/12/29,0.0,8,1,7.4,8,1
2019/12/30,7.5,8,1,12.4,8,1
2019/12/31,0.0,8,1,6.6,8,1
2020/1/1,0.0,8,1,3.5,8,1
2020/1/2,0.0,8,1,5.7,8,1
2020/1/3,0.0,8,1,6.9,8,1
2020/1/4,0.0,8,1,6.8,8,1
2020/1/5,0.0,8,1,7.3,8,1
2020/1/6,0.0,8,1,9.0,8,1
2020/1/7,2.5,8,1,14.2,8,1
2020/1/8,20.5,8,1,12.1,8,1
2020/1/9,0.0,8,1,9.7,8,1
2020/1/10,0.0,8,1,9.0,8,1
2020/1/11,0.0,8,1,9.2,8,1
2020/1/12,0.0,8,1,8.2,8,1
2020/1/13,0.0,8,1,6.7,8,1
2020/1/14,0.5,8,1,5.1,8,1
2020/1/15,0.0,8,1,4.5,8,1
2020/1/16,0.0,8,1,5.8,8,1
2020/1/17,0.0,8,1,8.5,8,1
2020/1/18,1.5,8,1,7.7,8,1
2020/1/19,0.0,8,1,7.3,8,1
2020/1/20,0.0,8,1,7.9,8,1
2020/1/21,0.0,8,1,7.0,8,1
2020/1/22,15.5,8,1,7.4,8,1
2020/1/23,15.5,8,1,14.2,8,1
2020/1/24,0.0,8,1,14.1,8,1
2020/1/25,15.0,8,1,10.2,8,1
2020/1/26,3.5,8,1,9.8,8,1
2020/1/27,19.5,8,1,8.9,8,1
2020/1/28,2.0,8,1,10.4,8,1
2020/1/29,6.0,8,1,9.7,8,1
2020/1/30,0.0,8,1,8.7,8,1
2020/1/31,3.0,8,1,6.7,8,1
2020/2/1,0.0,8,1,7.2,8,1
2020/2/2,0.0,8,1,7.4,8,1
2020/2/3,0.0,8,1,7.1,8,1
2020/2/4,0.0,8,1,6.3,8,1
2020/2/5,0.0,8,1,4.9,8,1
2020/2/6,0.0,8,1,4.6,8,1
2020/2/7,0.0,8,1,6.4,8,1
2020/2/8,0.0,8,1,6.5,8,1
2020/2/9,0.0,8,1,5.6,8,1
2020/2/10,0.0,8,1,6.5,8,1
2020/2/11,0.0,8,1,8.8,8,1
2020/2/12,42.0,8,1,11.2,8,1
2020/2/13,0.0,8,1,14.1,8,1
2020/2/14,1.0,8,1,13.7,8,1
2020/2/15,3.5,8,1,14.5,8,1
2020/2/16,18.5,8,1,11.1,8,1
2020/2/17,2.0,8,1,4.0,8,1
2020/2/18,0.5,8,1,3.3,8,1
2020/2/19,0.0,8,1,5.8,8,1
2020/2/20,0.0,8,1,9.5,8,1
2020/2/21,0.0,8,1,10.6,8,1
2020/2/22,13.5,8,1,12.5,8,1
2020/2/23,0.0,8,1,8.6,8,1
2020/2/24,0.0,8,1,9.2,8,1
2020/2/25,8.5,8,1,13.6,8,1
2020/2/26,0.5,8,1,13.4,8,1
2020/2/27,0.0,8,1,8.8,8,1
2020/2/28,15.5,8,1,6.8,8,1
2020/2/29,24.0,8,1,8.9,8,1
2020/3/1,1.0,8,1,10.3,8,1
2020/3/2,0.0,8,1,10.9,8,1
2020/3/3,0.0,8,1,11.2,8,1
2020/3/4,2.5,8,1,11.0,8,1
2020/3/5,0.0,8,1,7.2,8,1
2020/3/6,0.0,8,1,7.8,8,1
2020/3/7,15.5,8,1,8.7,8,1
2020/3/8,0.0,8,1,12.4,8,1
2020/3/9,9.5,8,1,11.6,8,1
2020/3/10,18.5,8,1,12.7,8,1
2020/3/11,0.0,8,1,9.8,8,1
2020/3/12,0.0,8,1,9.5,8,1
2020/3/13,0.0,8,1,10.9,8,1
2020/3/14,4.0,8,1,9.9,8,1
2020/3/15,0.0,8,1,8.9,8,1
2020/3/16,1.0,8,1,7.8,8,1
2020/3/17,0.0,8,1,9.3,8,1
2020/3/18,0.0,8,1,12.9,8,1
2020/3/19,0.0,8,1,14.7,8,1
2020/3/20,0.0,8,1,10.9,8,1
2020/3/21,0.0,8,1,13.6,8,1
2020/3/22,0.0,8,1,16.6,8,1
2020/3/23,0.0,8,1,14.7,8,1
2020/3/24,0.0,8,1,12.9,8,1
2020/3/25,0.0,8,1,14.4,8,1
2020/3/26,18.0,8,1,15.1,8,1
2020/3/27,54.0,8,1,17.5,8,1
2020/3/28,9.0,8,1,12.7,8,1
2020/3/29,0.0,8,1,12.4,8,1
2020/3/30,1.0,8,1,11.7,8,1
2020/3/31,2.0,8,1,14.7,8,1
2020/4/1,24.0,8,1,11.9,8,1
2020/4/2,0.0,8,1,12.4,8,1
2020/4/3,0.0,8,1,13.3,8,1
2020/4/4,0.0,8,1,13.7,8,1
2020/4/5,0.0,8,1,12.0,8,1
2020/4/6,0.0,8,1,12.0,8,1
2020/4/7,0.0,8,1,13.6,8,1
2020/4/8,0.0,8,1,14.2,8,1
2020/4/9,0.0,8,1,13.9,8,1
2020/4/10,0.0,8,1,13.2,8,1
2020/4/11,0.0,8,1,12.6,8,1
2020/4/12,23.0,8,1,9.6,8,1
2020/4/13,8.5,8,1,9.5,8,1
2020/4/14,0.5,8,1,14.0,8,1
2020/4/15,0.0,8,1,14.3,8,1
2020/4/16,0.0,8,1,16.0,8,1
2020/4/17,12.5,8,1,15.7,8,1
2020/4/18,0.5,8,1,15.7,8,1
2020/4/19,22.5,8,1,14.1,8,1
2020/4/20,0.0,8,1,16.9,8,1
2020/4/21,0.0,8,1,15.3,8,1
2020/4/22,0.0,8,1,12.3,8,1
2020/4/23,0.0,8,1,10.5,8,1
2020/4/24,0.0,8,1,11.6,8,1
2020/4/25,0.0,8,1,14.6,8,1
2020/4/26,0.0,8,1,16.4,8,1
2020/4/27,0.0,8,1,15.6,8,1
2020/4/28,0.0,8,1,14.8,8,1
2020/4/29,0.0,8,1,16.0,8,1
2020/4/30,0.0,8,1,17.8,8,1
2020/5/1,0.0,8,1,20.4,8,1
2020/5/2,0.0,8,1,21.0,8,1
2020/5/3,45.0,8,1,18.5,8,1
2020/5/4,4.0,8,1,21.9,8,1
2020/5/5,0.0,8,1,21.9,8,1
2020/5/6,0.0,8,1,21.5,8,1
2020/5/7,0.0,8,1,20.3,8,1
2020/5/8,0.0,8,1,20.8,8,1
2020/5/9,10.0,8,1,19.5,8,1
2020/5/10,3.5,8,1,19.7,8,1
2020/5/11,0.0,8,1,20.6,8,1
2020/5/12,0.0,8,1,19.2,8,1
2020/5/13,0.0,8,1,19.2,8,1
2020/5/14,0.0,8,1,21.0,8,1
2020/5/15,46.5,8,1,19.2,8,1
2020/5/16,25.5,8,1,21.7,8,1
2020/5/17,0.0,8,1,23.4,8,1
2020/5/18,26.0,8,1,21.0,8,1
2020/5/19,1.0,8,1,19.6,8,1
2020/5/20,0.0,8,1,18.2,8,1
2020/5/21,0.0,8,1,18.0,8,1
2020/5/22,0.0,8,1,20.3,8,1
2020/5/23,0.0,8,1,22.7,8,1
2020/5/24,0.0,8,1,24.5,8,1
2020/5/25,0.0,8,1,23.7,8,1
2020/5/26,2.0,8,1,20.6,8,1
2020/5/27,0.0,8,1,20.9,8,1
2020/5/28,0.0,8,1,22.1,8,1
2020/5/29,0.0,8,1,22.2,8,1
2020/5/30,0.0,8,1,22.3,8,1
2020/5/31,3.0,8,1,23.0,8,1
2020/6/1,1.0,8,1,23.4,8,1
2020/6/2,0.0,8,1,23.0,8,1
2020/6/3,0.5,8,1,22.8,8,1
2020/6/4,0.0,8,1,25.6,8,1
2020/6/5,0.0,8,1,26.3,8,1
2020/6/6,0.0,8,1,24.7,8,1
2020/6/7,0.0,8,1,25.2,8,1
2020/6/8,0.0,8,1,27.0,8,1
2020/6/9,0.0,8,1,27.9,8,1
2020/6/10,0.0,8,1,27.8,8,1
2020/6/11,90.0,8,1,24.2,8,1
2020/6/12,18.0,8,1,25.9,8,1
2020/6/13,22.0,8,1,25.8,8,1
2020/6/14,8.0,8,1,25.9,8,1
2020/6/15,0.0,8,1,25.4,8,1
2020/6/16,0.0,8,1,25.6,8,1
2020/6/17,0.0,8,1,25.4,8,1
2020/6/18,55.5,8,1,22.7,8,1
2020/6/19,47.0,8,1,22.9,8,1
2020/6/20,0.0,8,1,23.5,8,1
2020/6/21,0.0,8,1,23.5,8,1
2020/6/22,0.0,8,1,26.2,8,1
2020/6/23,0.0,8,1,28.0,8,1
2020/6/24,1.5,8,1,27.5,8,1
2020/6/25,47.5,8,1,26.2,8,1
2020/6/26,28.5,8,1,27.1,8,1
2020/6/27,193.5,8,1,25.7,8,1
2020/6/28,0.5,8,1,26.6,8,1
2020/6/29,14.0,8,1,24.2,8,1
2020/6/30,35.5,8,1,24.1,8,1
2020/7/1,0.0,8,1,23.8,8,1
2020/7/2,0.0,8,1,25.3,8,1
2020/7/3,11.5,8,1,23.0,8,1
2020/7/4,6.0,8,1,23.9,8,1
2020/7/5,44.5,8,1,24.9,8,1
2020/7/6,271.0,8,1,24.0,8,1
2020/7/7,199.5,8,1,24.0,8,1
2020/7/8,14.0,8,1,25.8,8,1
2020/7/9,89.0,8,1,24.5,8,1
2020/7/10,134.5,8,1,24.4,8,1
2020/7/11,20.5,8,1,26.0,8,1
2020/7/12,17.5,8,1,22.9,8,1
2020/7/13,12.5,8,1,26.0,8,1
2020/7/14,39.5,8,1,23.9,8,1
2020/7/15,0.5,8,1,22.3,8,1
2020/7/16,0.0,8,1,24.2,8,1
2020/7/17,0.0,8,1,25.9,8,1
2020/7/18,0.0,8,1,26.3,8,1
2020/7/19,0.0,8,1,28.1,8,1
2020/7/20,1.5,8,1,29.2,8,1
2020/7/21,39.5,8,1,28.1,8,1
2020/7/22,1.5,8,1,28.2,8,1
2020/7/23,23.5,8,1,26.5,8,1
2020/7/24,81.0,8,1,25.5,8,1
2020/7/25,3.0,8,1,24.4,8,1
2020/7/26,14.5,8,1,24.8,8,1
2020/7/27,100.0,8,1,25.5,8,1
2020/7/28,24.0,8,1,26.2,8,1
2020/7/29,0.0,8,1,28.0,8,1
2020/7/30,4.0,8,1,28.1,8,1
2020/7/31,0.0,8,1,29.1,8,1
2020/8/1,0.0,8,1,28.7,8,1
2020/8/2,0.0,8,1,29.4,8,1
2020/8/3,0.0,8,1,29.2,8,1
2020/8/4,0.0,8,1,30.1,8,1
2020/8/5,0.0,8,1,30.0,8,1
2020/8/6,0.0,8,1,29.4,8,1
2020/8/7,9.0,8,1,28.1,8,1
2020/8/8,23.5,8,1,28.0,8,1
2020/8/9,3.5,8,1,29.1,8,1
2020/8/10,1.5,8,1,28.5,8,1
2020/8/11,33.5,8,1,27.7,8,1
2020/8/12,0.0,8,1,29.9,8,1
2020/8/13,0.0,8,1,30.5,8,1
2020/8/14,0.0,8,1,30.5,8,1
2020/8/15,0.0,8,1,30.9,8,1
2020/8/16,0.0,8,1,31.0,8,1
2020/8/17,0.0,8,1,31.4,8,1
2020/8/18,0.0,8,1,31.2,8,1
2020/8/19,0.0,8,1,30.7,8,1
2020/8/20,0.0,8,1,30.9,8,1
2020/8/21,0.0,8,1,30.8,8,1
2020/8/22,19.5,8,1,28.0,8,1
2020/8/23,0.5,8,1,27.3,8,1
2020/8/24,0.0,8,1,29.8,8,1
2020/8/25,0.0,8,1,31.0,8,1
2020/8/26,0.0,8,1,30.0,8,1
2020/8/27,0.0,8,1,28.5,8,1
2020/8/28,0.0,8,1,28.6,8,1
2020/8/29,0.0,8,1,30.8,8,1
2020/8/30,0.0,8,1,31.4,8,1
2020/8/31,0.0,8,1,30.9,8,1
2020/9/1,0.0,8,1,31.1,8,1
2020/9/2,2.0,8,1,30.3,8,1
2020/9/3,4.5,8,1,27.3,8,1
2020/9/4,0.0,8,1,27.2,8,1
2020/9/5,4.0,8,1,25.8,8,1
2020/9/6,11.5,8,1,25.8,8,1
2020/9/7,4.5,8,1,26.3,8,1
2020/9/8,0.0,8,1,26.3,8,1
2020/9/9,1.0,8,1,25.7,8,1
2020/9/10,0.0,8,1,26.4,8,1
2020/9/11,9.0,8,1,26.0,8,1
2020/9/12,60.0,8,1,23.9,8,1
2020/9/13,0.0,8,1,24.1,8,1
2020/9/14,0.0,8,1,24.2,8,1
2020/9/15,0.0,8,1,25.6,8,1
2020/9/16,11.5,8,1,23.7,8,1
2020/9/17,23.5,8,1,25.7,8,1
2020/9/18,52.5,8,1,22.1,8,1
2020/9/19,0.0,8,1,21.9,8,1
2020/9/20,0.0,8,1,21.5,8,1
2020/9/21,0.0,8,1,21.0,8,1
2020/9/22,0.0,8,1,22.0,8,1
2020/9/23,0.0,8,1,23.8,8,1
2020/9/24,19.0,8,1,21.7,8,1
2020/9/25,6.5,8,1,23.3,8,1
2020/9/26,0.0,8,1,23.0,8,1
2020/9/27,0.0,8,1,22.0,8,1
2020/9/28,0.0,8,1,21.1,8,1
2020/9/29,0.0,8,1,21.9,8,1
2020/9/30,0.0,8,1,22.1,8,1
2020/10/1,0.0,8,1,22.3,8,1
2020/10/2,0.0,8,1,22.4,8,1
2020/10/3,0.0,8,1,23.1,8,1
2020/10/4,0.5,8,1,23.4,8,1
2020/10/5,0.0,8,1,20.7,8,1
2020/10/6,0.0,8,1,18.2,4,1
2020/10/7,0.0,8,1,20.6,8,1
2020/10/8,0.0,5,1,20.6,8,1
2020/10/9,0.0,8,1,22.4,8,1
2020/10/10,0.0,8,1,22.4,8,1
2020/10/11,0.0,8,1,21.8,8,1
2020/10/12,0.0,8,1,21.6,8,1
2020/10/13,0.0,8,1,20.2,8,1
2020/10/14,0.0,8,1,20.1,8,1
2020/10/15,0.0,8,1,19.2,8,1
2020/10/16,1.5,8,1,18.8,8,1
2020/10/17,10.0,8,1,16.1,8,1
2020/10/18,0.0,8,1,17.9,8,1
2020/10/19,0.0,8,1,18.6,8,1
2020/10/20,0.0,8,1,18.0,8,1
2020/10/21,0.0,8,1,19.7,8,1
2020/10/22,54.5,8,1,19.0,8,1
2020/10/23,4.0,8,1,15.5,8,1
2020/10/24,0.0,8,1,13.3,8,1
2020/10/25,0.0,8,1,14.4,8,1
2020/10/26,0.0,8,1,16.2,8,1
2020/10/27,0.0,8,1,16.7,8,1
2020/10/28,0.0,8,1,17.3,8,1
2020/10/29,0.0,8,1,17.7,8,1
2020/10/30,0.0,8,1,16.9,8,1
2020/10/31,0.0,8,1,15.3,8,1
2020/11/1,0.0,8,1,17.3,8,1
2020/11/2,13.0,8,1,16.1,8,1
2020/11/3,0.0,8,1,12.7,8,1
2020/11/4,0.0,8,1,10.5,8,1
2020/11/5,0.0,8,1,13.1,8,1
2020/11/6,0.0,8,1,17.4,8,1
2020/11/7,1.0,8,1,18.0,8,1
2020/11/8,0.0,8,1,15.4,8,1
2020/11/9,0.0,8,1,11.7,8,1
2020/11/10,0.0,8,1,10.4,8,1
2020/11/11,0.0,8,1,12.0,8,1
2020/11/12,0.0,8,1,13.6,8,1
2020/11/13,0.0,8,1,14.4,8,1
2020/11/14,0.0,8,1,15.8,8,1
2020/11/15,0.0,8,1,16.1,8,1
2020/11/16,0.0,8,1,18.5,8,1
2020/11/17,0.0,8,1,20.5,8,1
2020/11/18,0.0,8,1,19.7,8,1
2020/11/19,23.0,8,1,20.8,8,1
2020/11/20,0.0,8,1,16.5,8,1
2020/11/21,0.0,8,1,14.9,8,1
2020/11/22,1.0,8,1,13.9,8,1
2020/11/23,0.0,8,1,13.2,8,1
2020/11/24,0.0,8,1,12.8,8,1
2020/11/25,0.0,8,1,13.3,8,1
2020/11/26,0.0,8,1,13.5,8,1
2020/11/27,0.0,8,1,13.4,8,1
2020/11/28,0.0,8,1,10.0,8,1
2020/11/29,0.0,8,1,8.6,8,1
2020/11/30,0.0,8,1,8.5,8,1
2020/12/1,0.0,8,1,8.8,8,1
2020/12/2,0.0,8,1,10.2,8,1
2020/12/3,0.0,8,1,10.1,8,1
2020/12/4,0.0,8,1,8.3,8,1
2020/12/5,0.0,8,1,8.4,8,1
2020/12/6,0.0,8,1,9.5,8,1
2020/12/7,0.0,8,1,9.7,8,1
2020/12/8,0.0,8,1,8.6,8,1
2020/12/9,0.0,8,1,8.7,8,1
2020/12/10,0.0,8,1,10.1,8,1
2020/12/11,0.0,8,1,10.4,8,1
2020/12/12,0.0,8,1,10.6,8,1
2020/12/13,0.0,8,1,7.3,8,1
2020/12/14,0.0,8,1,6.5,8,1
2020/12/15,0.0,8,1,3.2,8,1
2020/12/16,0.0,8,1,2.8,8,1
2020/12/17,0.0,8,1,3.1,8,1
2020/12/18,0.0,8,1,5.1,8,1
2020/12/19,0.0,8,1,6.1,8,1
2020/12/20,0.0,8,1,3.5,8,1
2020/12/21,0.0,8,1,6.1,8,1
2020/12/22,0.0,8,1,6.2,8,1
2020/12/23,0.0,8,1,6.2,8,1
2020/12/24,6.0,8,1,7.5,8,1
2020/12/25,0.0,8,1,6.1,8,1
2020/12/26,0.0,8,1,4.7,8,1
2020/12/27,5.0,8,1,6.4,8,1
2020/12/28,0.5,8,1,11.2,8,1
2020/12/29,5.5,8,1,9.7,8,1
2020/12/30,8.0,8,1,4.2,8,1
2020/12/31,0.5,8,1,1.3,8,1
2021/1/1,0.0,8,1,3.2,8,1
2021/1/2,0.0,8,1,4.7,8,1
2021/1/3,0.0,8,1,4.0,8,1
2021/1/4,0.0,8,1,5.1,8,1
2021/1/5,0.0,8,1,6.2,8,1
2021/1/6,0.0,8,1,3.7,8,1
2021/1/7,2.0,8,1,0.2,8,1
2021/1/8,3.5,8,1,-2.1,8,1
2021/1/9,1.5,8,1,-1.6,8,1
2021/1/10,0.0,8,1,0.7,8,1
2021/1/11,0.0,8,1,3.0,8,1
2021/1/12,2.0,8,1,3.8,8,1
2021/1/13,0.0,8,1,5.5,8,1
2021/1/14,0.0,8,1,7.7,8,1
2021/1/15,0.0,8,1,9.6,8,1
2021/1/16,0.5,8,1,10.5,8,1
2021/1/17,0.0,8,1,4.8,8,1
2021/1/18,0.0,4,1,0.5,4,1
2021/1/19,0.0,4,1,5.1,4,1
2021/1/20,0.0,8,1,6.4,8,1
2021/1/21,0.0,8,1,10.6,8,1
2021/1/22,0.0,8,1,14.4,8,1
2021/1/23,10.0,8,1,12.5,8,1
2021/1/24,5.5,8,1,10.0,8,1
2021/1/25,0.0,8,1,10.0,8,1
2021/1/26,8.0,8,1,10.7,8,1
2021/1/27,0.0,8,1,11.3,8,1
2021/1/28,0.0,8,1,7.9,8,1
2021/1/29,0.0,8,1,2.5,8,1
2021/1/30,0.0,8,1,3.7,8,1
2021/1/31,0.0,8,1,6.9,8,1
2021/2/1,32.5,8,1,11.3,8,1
2021/2/2,4.5,8,1,8.2,8,1
2021/2/3,0.0,8,1,5.0,8,1
2021/2/4,0.0,8,1,5.7,8,1
2021/2/5,0.0,8,1,6.1,8,1
2021/2/6,2.5,8,1,10.1,8,1
2021/2/7,0.0,8,1,9.8,8,1
2021/2/8,0.0,8,1,7.8,8,1
2021/2/9,0.0,8,1,4.9,8,1
2021/2/10,0.0,8,1,6.1,8,1
2021/2/11,0.0,8,1,8.8,8,1
2021/2/12,0.0,8,1,12.2,8,1
2021/2/13,0.0,8,1,15.4,8,1
2021/2/14,26.5,8,1,14.9,8,1
2021/2/15,9.5,8,1,12.1,8,1
2021/2/16,0.5,8,1,7.4,8,1
2021/2/17,0.5,8,1,1.9,8,1
2021/2/18,5.0,8,1,0.5,8,1
2021/2/19,0.0,8,1,5.2,8,1
2021/2/20,0.0,8,1,11.6,8,1
2021/2/21,0.0,8,1,14.2,8,1
2021/2/22,0.0,8,1,15.1,8,1
2021/2/23,0.0,8,1,12.8,8,1
2021/2/24,0.0,8,1,10.5,8,1
2021/2/25,0.0,8,1,10.6,8,1
2021/2/26,15.5,8,1,8.0,8,1
2021/2/27,0.0,8,1,9.3,8,1
2021/2/28,0.0,8,1,13.8,8,1
2021/3/1,0.0,8,1,16.3,8,1
2021/3/2,31.5,8,1,10.1,8,1
2021/3/3,0.0,8,1,8.4,8,1
2021/3/4,4.5,8,1,10.3,8,1
2021/3/5,9.0,8,1,14.1,8,1
2021/3/6,0.0,8,1,13.5,8,1
2021/3/7,0.0,8,1,9.6,8,1
2021/3/8,0.0,8,1,11.5,8,1
2021/3/9,0.0,5,1,10.6,5,1
2021/3/10,0.0,8,1,12.1,8,1
2021/3/11,0.0,8,1,13.6,8,1
2021/3/12,11.0,8,1,13.3,8,1
2021/3/13,0.5,8,1,12.3,8,1
2021/3/14,0.0,8,1,10.5,8,1
2021/3/15,0.0,8,1,11.8,8,1
2021/3/16,13.5,8,1,14.7,8,1
2021/3/17,0.0,8,1,15.0,8,1
2021/3/18,0.0,8,1,15.8,8,1
2021/3/19,0.0,8,1,17.0,8,1
2021/3/20,14.0,8,1,16.6,8,1
2021/3/21,8.0,8,1,13.5,8,1
2021/3/22,0.0,8,1,9.3,8,1
2021/3/23,0.0,8,1,10.5,8,1
2021/3/24,0.0,8,1,13.0,8,1
2021/3/25,0.0,8,1,16.3,8,1
2021/3/26,0.0,8,1,15.6,8,1
2021/3/27,0.0,8,1,16.5,8,1
2021/3/28,28.5,8,1,15.3,8,1
2021/3/29,0.0,8,1,15.2,8,1
2021/3/30,0.0,8,1,16.4,8,1
2021/3/31,0.0,8,1,16.0,8,1
2021/4/1,0.0,8,1,17.9,8,1
2021/4/2,0.0,8,1,20.2,8,1
2021/4/3,0.0,8,1,21.7,8,1
2021/4/4,13.5,8,1,16.2,8,1
2021/4/5,0.0,8,1,13.1,8,1
2021/4/6,0.0,8,1,13.2,8,1
2021/4/7,0.0,8,1,14.4,8,1
2021/4/8,0.0,8,1,15.3,8,1
2021/4/9,0.0,8,1,15.0,8,1
2021/4/10,0.0,8,1,14.2,8,1
2021/4/11,0.0,8,1,15.4,8,1
2021/4/12,6.5,8,1,16.4,8,1
2021/4/13,11.5,8,1,16.6,8,1
2021/4/14,0.0,8,1,12.8,8,1
2021/4/15,0.0,8,1,14.1,8,1
2021/4/16,0.5,8,1,14.9,8,1
2021/4/17,11.0,8,1,15.7,8,1
2021/4/18,0.0,8,1,12.2,8,1
2021/4/19,0.0,8,1,13.5,8,1
2021/4/20,0.0,8,1,16.2,8,1
2021/4/21,0.0,8,1,19.7,8,1
2021/4/22,0.0,8,1,21.9,8,1
2021/4/23,0.0,8,1,21.6,8,1
2021/4/24,0.0,8,1,20.5,8,1
2021/4/25,0.0,8,1,18.0,8,1
2021/4/26,0.0,8,1,16.1,8,1
2021/4/27,0.0,8,1,17.3,8,1
2021/4/28,22.0,8,1,17.8,8,1
2021/4/29,49.5,8,1,16.5,8,1
2021/4/30,0.5,8,1,18.3,8,1
2021/5/1,1.5,8,1,16.4,8,1
2021/5/2,2.0,8,1,12.8,8,1
2021/5/3,0.0,8,1,14.8,8,1
2021/5/4,7.0,8,1,17.2,8,1
2021/5/5,48.0,8,1,18.5,8,1
2021/5/6,0.0,8,1,18.7,8,1
2021/5/7,1.5,8,1,18.9,8,1
2021/5/8,0.0,8,1,19.9,8,1
2021/5/9,0.0,8,1,21.5,8,1
2021/5/10,0.0,8,1,20.8,8,1
2021/5/11,0.0,8,1,21.6,8,1
2021/5/12,34.5,8,1,18.1,8,1
2021/5/13,0.0,8,1,21.5,8,1
2021/5/14,0.0,8,1,24.3,8,1
2021/5/15,39.0,8,1,22.4,8,1
2021/5/16,6.5,8,1,25.1,8,1
2021/5/17,11.0,8,1,22.2,8,1
2021/5/18,3.0,8,1,19.8,8,1
2021/5/19,0.0,8,1,22.1,8,1
2021/5/20,115.0,8,1,21.0,8,1
2021/5/21,0.0,8,1,19.3,8,1
2021/5/22,0.0,8,1,19.3,8,1
2021/5/23,0.0,8,1,22.7,8,1
2021/5/24,9.5,8,1,18.7,8,1
2021/5/25,0.0,8,1,20.0,8,1
2021/5/26,37.5,8,1,18.2,8,1
2021/5/27,58.0,8,1,19.1,8,1
2021/5/28,0.0,8,1,21.3,8,1
2021/5/29,0.0,8,1,21.8,8,1
2021/5/30,0.0,8,1,22.7,8,1
2021/5/31,0.0,8,1,24.5,8,1
2021/6/1,0.0,8,1,25.9,8,1
2021/6/2,0.0,8,1,24.9,8,1
2021/6/3,41.5,8,1,21.7,8,1
2021/6/4,36.5,8,1,21.5,8,1
2021/6/5,0.0,8,1,20.2,8,1
2021/6/6,0.0,8,1,21.7,8,1
2021/6/7,0.0,8,1,24.6,8,1
2021/6/8,0.0,8,1,26.4,8,1
2021/6/9,0.0,8,1,28.2,8,1
2021/6/10,0.0,8,1,27.8,8,1
2021/6/11,3.5,8,1,24.2,8,1
2021/6/12,1.0,8,1,25.1,8,1
2021/6/13,0.0,8,1,26.1,8,1
2021/6/14,0.0,8,1,26.7,8,1
2021/6/15,18.5,8,1,23.7,8,1
2021/6/16,17.5,8,1,21.8,8,1
2021/6/17,1.0,8,1,24.8,8,1
2021/6/18,24.5,8,1,23.0,8,1
2021/6/19,3.0,8,1,25.0,8,1
2021/6/20,0.0,8,1,25.8,8,1
2021/6/21,0.0,8,1,26.1,8,1
2021/6/22,0.0,8,1,25.3,8,1
2021/6/23,0.0,8,1,25.1,8,1
2021/6/24,0.0,8,1,25.1,8,1
2021/6/25,0.0,8,1,26.1,8,1
2021/6/26,0.0,8,1,25.5,8,1
2021/6/27,0.0,8,1,26.0,8,1
2021/6/28,0.0,8,1,26.3,8,1
2021/6/29,0.0,8,1,26.9,8,1
2021/6/30,0.0,8,1,27.7,8,1
2021/7/1,0.0,8,1,28.4,8,1
2021/7/2,1.0,8,1,27.2,8,1
2021/7/3,8.5,8,1,26.3,8,1
2021/7/4,0.0,8,1,28.3,8,1
2021/7/5,6.5,8,1,28.7,8,1
2021/7/6,3.0,8,1,28.0,8,1
2021/7/7,1.0,8,1,28.4,8,1
2021/7/8,6.0,8,1,26.7,8,1
2021/7/9,42.5,8,1,26.3,8,1
2021/7/10,10.5,8,1,25.1,8,1
2021/7/11,2.5,8,1,26.5,8,1
2021/7/12,2.0,8,1,27.7,8,1
2021/7/13,0.0,8,1,29.1,8,1
2021/7/14,0.0,8,1,29.2,8,1
2021/7/15,7.0,8,1,26.3,8,1
2021/7/16,0.0,8,1,27.0,8,1
2021/7/17,4.5,8,1,25.7,8,1
2021/7/18,13.0,8,1,27.8,8,1
2021/7/19,0.0,8,1,29.0,8,1
2021/7/20,0.0,8,1,29.9,8,1
2021/7/21,0.0,8,1,29.5,8,1
2021/7/22,0.0,8,1,29.3,8,1
2021/7/23,0.0,8,1,29.2,8,1
2021/7/24,0.0,8,1,30.4,8,1
2021/7/25,0.0,8,1,29.5,8,1
2021/7/26,0.0,8,1,29.8,8,1
2021/7/27,0.0,8,1,29.8,8,1
2021/7/28,0.0,8,1,29.8,8,1
2021/7/29,0.0,8,1,30.2,8,1
2021/7/30,0.0,8,1,29.8,8,1
2021/7/31,0.0,8,1,29.2,8,1
2021/8/1,80.0,8,1,27.9,8,1
2021/8/2,15.0,8,1,29.1,8,1
2021/8/3,4.5,8,1,29.5,8,1
2021/8/4,0.0,8,1,30.1,8,1
2021/8/5,0.0,8,1,31.2,8,1
2021/8/6,0.0,8,1,30.7,8,1
2021/8/7,21.0,8,1,29.6,8,1
2021/8/8,54.0,8,1,27.3,8,1
2021/8/9,11.5,8,1,26.7,8,1
2021/8/10,0.0,8,1,27.1,8,1
2021/8/11,93.0,8,1,22.9,8,1
2021/8/12,170.5,8,1,24.4,8,1
2021/8/13,205.0,8,1,24.9,8,1
2021/8/14,294.0,8,1,25.1,8,1
2021/8/15,0.0,8,1,25.9,8,1
2021/8/16,31.0,8,1,23.9,8,1
2021/8/17,76.0,8,1,24.0,8,1
2021/8/18,26.5,8,1,23.4,8,1
2021/8/19,0.5,8,1,25.8,8,1
2021/8/20,0.5,8,1,26.0,8,1
2021/8/21,12.5,8,1,26.5,8,1
2021/8/22,19.5,8,1,26.9,8,1
2021/8/23,0.0,8,1,28.7,8,1
2021/8/24,12.0,8,1,27.5,8,1
2021/8/25,3.5,8,1,28.7,8,1
2021/8/26,6.5,8,1,27.2,8,1
2021/8/27,0.0,8,1,29.0,8,1
2021/8/28,0.0,8,1,28.4,8,1
2021/8/29,0.0,8,1,28.6,8,1
2021/8/30,0.0,8,1,28.9,8,1
2021/8/31,0.0,8,1,29.6,8,1
2021/9/1,0.0,8,1,28.4,8,1
2021/9/2,61.5,8,1,26.7,8,1
2021/9/3,30.0,8,1,26.1,8,1
2021/9/4,0.0,8,1,26.6,8,1
2021/9/5,0.0,8,1,25.7,8,1
2021/9/6,0.0,8,1,27.0,8,1
2021/9/7,0.0,8,1,27.5,8,1
2021/9/8,14.5,8,1,26.3,8,1
2021/9/9,0.0,8,1,26.4,8,1
2021/9/10,0.0,8,1,25.7,8,1